id_usuario;data_lancamento_financeiro;tipo_lancamento_financeiro;competencia;cartao_credito;carteira;categoria_receita;categoria_despesa;transferencia_financeira;descricao;valor_lancamento_financeiro;fl_parcelado;numero_parcela;total_parcelas;fl_fixo;fl_efetivada
1;10/07/2025;Movimento em carteira;07/2025;;NUBANK - CC;;Luz;;Luz;-163,66;FALSO;1;1;VERDADEIRO;VERDADEIRO
1;10/08/2025;Movimento em carteira;08/2025;;NUBANK - CC;;Luz;;Luz;-166,05;FALSO;1;1;VERDADEIRO;FALSO
1;10/09/2025;Movimento em carteira;09/2025;;NUBANK - CC;;Luz;;Luz;-163,09;FALSO;1;1;VERDADEIRO;FALSO
1;10/08/2025;Movimento em carteira;08/2025;;NUBANK - CC;;TIM;;TIM;-79,99;FALSO;1;1;VERDADEIRO;VERDADEIRO
1;11/08/2025;Movimento em carteira;08/2025;;NUBANK - CC;;Internet;;Persis Internet;-112,38;FALSO;1;1;VERDADEIRO;VERDADEIRO
1;19/08/2025;Movimento em carteira;08/2025;;NUBANK - CC;Antecipação saque FGTS;;;Saque FGTS;454,56;FALSO;1;1;VERDADEIRO;VERDADEIRO
1;18/08/2025;Movimento de transferência;08/2025;;NUBANK - CC;;;Pix recebido de terceiros;Pix recebido do João Paulo;50;FALSO;1;1;FALSO;VERDADEIRO
1;19/08/2025;Movimento de transferência;08/2025;;NUBANK - CC;;;Pix realizado de terceiros;Futebol no Firula;-21;FALSO;1;1;FALSO;VERDADEIRO
1;20/07/2025;Movimento em carteira;07/2025;;NUBANK - CC;;Custas advocatícias;;Luca Carrer;-500;VERDADEIRO;1;3;FALSO;FALSO
1;20/08/2025;Movimento em carteira;08/2025;;NUBANK - CC;;Custas advocatícias;;Luca Carrer;-500;VERDADEIRO;2;3;FALSO;FALSO
1;20/09/2025;Movimento em carteira;09/2025;;NUBANK - CC;;Custas advocatícias;;Luca Carrer;-500;VERDADEIRO;3;3;FALSO;FALSO
1;07/08/2025;Movimento em carteira;08/2025;;NUBANK - CC;;Empréstimo pessoal;;Empréstimo pessoal;-102,62;VERDADEIRO;1;7;FALSO;VERDADEIRO
1;07/08/2025;Movimento em carteira;08/2025;;NUBANK - CC;Ajuste;;;Ajuste de saldo;102,62;FALSO;1;1;FALSO;VERDADEIRO
1;05/08/2025;Movimento em carteira;08/2025;;Banco do Brasil - CC;Outros;;;Ordem Bancária;23,97;FALSO;1;1;FALSO;VERDADEIRO
1;05/08/2025;Movimento em carteira;08/2025;;Banco do Brasil - CC;;Outros;;172422526-BB CRÉDITO SALÁRIO;-31,89;FALSO;1;1;FALSO;VERDADEIRO
1;05/08/2025;Movimento em carteira;08/2025;;Banco do Brasil - CC;Outros;;;BB Rende Fácil;7,92;FALSO;1;1;FALSO;VERDADEIRO
1;06/08/2025;Movimento em carteira;08/2025;;Banco do Brasil - CC;Salário mensal;;;Proventos TED;6725,66;FALSO;1;1;VERDADEIRO;VERDADEIRO
1;06/08/2025;Movimento em carteira;08/2025;;Banco do Brasil - CC;;Empréstimo pessoal;;Pgto BB Crédito Salário;-924,85;VERDADEIRO;6;33;FALSO;VERDADEIRO
1;06/08/2025;Movimento em carteira;08/2025;;Banco do Brasil - CC;;Outros;;Tarifa Pacote de Serviços;-14,9;FALSO;1;1;FALSO;VERDADEIRO
1;06/08/2025;Movimento em carteira;08/2025;;Banco do Brasil - CC;Outros;;;BB Rende Fácil;-5785,91;FALSO;1;1;FALSO;VERDADEIRO
1;07/08/2025;Movimento em carteira;08/2025;;Banco do Brasil - CC;Outros;;;Cashback CDC;34,94;FALSO;1;1;FALSO;VERDADEIRO
1;07/08/2025;Movimento em carteira;08/2025;;Banco do Brasil - CC;Outros;;;BB Rende Fácil;-34,94;FALSO;1;1;FALSO;VERDADEIRO
1;08/08/2025;Movimento de transferência;08/2025;;Banco do Brasil - CC;;;Transferência entre contas pessoais;Transferido da poupança;1300;FALSO;1;1;FALSO;VERDADEIRO
1;08/08/2025;Movimento em carteira;08/2025;;Banco do Brasil - CC;Aluguel do Apto.;;;Raul Fulgencio;1184;FALSO;1;1;VERDADEIRO;VERDADEIRO
1;08/08/2025;Movimento em carteira;08/2025;;Banco do Brasil - CC;;Outros;;Pagamento cartão crédito;-8143,66;FALSO;1;1;FALSO;VERDADEIRO
1;08/08/2025;Movimento de transferência;08/2025;;Banco do Brasil - CC;;;Pix realizado para terceiros;Nicolas De Paula Beteti Le;-50;FALSO;1;1;FALSO;VERDADEIRO
1;08/08/2025;Movimento de transferência;08/2025;;Banco do Brasil - CC;;;Pix realizado para terceiros;Leônidas Paulo Justiniano;-50;FALSO;1;1;FALSO;VERDADEIRO
1;08/08/2025;Movimento em carteira;08/2025;;Banco do Brasil - CC;Outros;;;BB Rende Fácil;5759,66;FALSO;1;1;FALSO;VERDADEIRO
1;13/08/2025;Movimento em carteira;08/2025;;Banco do Brasil - CC;;Empréstimo pessoal;;CDC;-139,97;VERDADEIRO;1;3;FALSO;FALSO
1;13/08/2025;Movimento em carteira;08/2025;;Banco do Brasil - CC;;Empréstimo pessoal;;CDC;-61,23;VERDADEIRO;1;3;FALSO;VERDADEIRO
1;13/08/2025;Movimento em carteira;08/2025;;Banco do Brasil - CC;Outros;;;BB Rende Fácil;61,23;FALSO;1;1;FALSO;VERDADEIRO
1;09/06/2025;Movimento em cartão de crédito;08/2025;Caixa Econômica Federal;;;Outros;;Passei o cartão para fazer saldo;-281,66;VERDADEIRO;2;10;FALSO;VERDADEIRO
1;11/08/2025;Movimento em cartão de crédito;08/2025;Caixa Econômica Federal;;;Anuidade cartão crédito;;ANUIDADE DIFERENCIADA TIT;-69;VERDADEIRO;1;12;FALSO;VERDADEIRO
1;28/07/2025;Movimento em cartão de crédito;08/2025;Caixa Econômica Federal;;;Outros;;Passei o cartão para fazer saldo;-529,18;VERDADEIRO;1;12;FALSO;VERDADEIRO
1;13/07/2025;Movimento em cartão de crédito;08/2025;NUBANK;;;Utensílios domésticos;;Mercadolivre*Differen;-6,59;VERDADEIRO;6;12;FALSO;FALSO
1;13/07/2025;Movimento em cartão de crédito;08/2025;NUBANK;;;Outros;;Rodrigo;-31,8;VERDADEIRO;11;12;FALSO;FALSO
1;13/07/2025;Movimento em cartão de crédito;08/2025;NUBANK;;;Utensílios domésticos;;Mercadolivre*Liashopp;-7,83;VERDADEIRO;6;12;FALSO;FALSO
1;13/07/2025;Movimento em cartão de crédito;08/2025;NUBANK;;;Alura;;Alura;-111;VERDADEIRO;9;12;FALSO;FALSO
1;17/07/2025;Movimento em cartão de crédito;08/2025;NUBANK;;;PSN;;Ebn *Sonyplaystation;-17,01;FALSO;1;4;FALSO;FALSO
1;21/07/2025;Movimento em cartão de crédito;08/2025;NUBANK;;;Serviços, streams e afins;;Dm*Spotify;-21,9;FALSO;1;1;VERDADEIRO;FALSO
1;24/07/2025;Movimento em cartão de crédito;08/2025;NUBANK;;;Ifood;;Ifd*Ifood Club;-5,95;FALSO;1;1;VERDADEIRO;FALSO
1;28/07/2025;Movimento em cartão de crédito;08/2025;NUBANK;;;Google One;;Dl *Google Google One;-14,99;FALSO;1;1;VERDADEIRO;FALSO
1;29/07/2025;Movimento em cartão de crédito;08/2025;NUBANK;;;PSN;;Ebn *Sonyplaystation;-58,11;VERDADEIRO;1;4;FALSO;FALSO
1;04/08/2025;Movimento em cartão de crédito;08/2025;NUBANK;;;Uber;;Uber* Trip;-13,83;FALSO;1;1;FALSO;FALSO
1;13/07/2025;Movimento em cartão de crédito;08/2025;NUBANK;;;Conversão de limite em saldo;;Conversão de limite em saldo;-7,71;VERDADEIRO;4;12;FALSO;FALSO
1;13/07/2025;Movimento em cartão de crédito;08/2025;NUBANK;;;Conversão de limite em saldo;;Conversão de limite em saldo;-297,22;VERDADEIRO;4;12;FALSO;FALSO
1;13/07/2025;Movimento em cartão de crédito;08/2025;NUBANK;;;Conversão de limite em saldo;;Conversão de limite em saldo;-5,12;VERDADEIRO;4;12;FALSO;FALSO
1;13/07/2025;Movimento em cartão de crédito;08/2025;NUBANK;;;Conversão de limite em saldo;;Conversão de limite em saldo;-7,69;VERDADEIRO;4;12;FALSO;FALSO
1;13/07/2025;Movimento em cartão de crédito;08/2025;NUBANK;;;Conversão de limite em saldo;;Conversão de limite em saldo;-182,04;VERDADEIRO;3;12;FALSO;FALSO
1;13/07/2025;Movimento em cartão de crédito;08/2025;NUBANK;;;Conversão de limite em saldo;;Conversão de limite em saldo;-61,04;VERDADEIRO;9;12;FALSO;FALSO
1;13/07/2025;Movimento em cartão de crédito;08/2025;NUBANK;;;Conversão de limite em saldo;;Conversão de limite em saldo;-10,44;VERDADEIRO;3;12;FALSO;FALSO
1;13/07/2025;Movimento em cartão de crédito;08/2025;NUBANK;;;Conversão de limite em saldo;;Conversão de limite em saldo;-25,27;VERDADEIRO;4;12;FALSO;FALSO
1;13/07/2025;Movimento em cartão de crédito;08/2025;NUBANK;;;Conversão de limite em saldo;;Conversão de limite em saldo;-2,28;VERDADEIRO;6;12;FALSO;FALSO
1;13/07/2025;Movimento em cartão de crédito;08/2025;NUBANK;;;Conversão de limite em saldo;;Conversão de limite em saldo;-100,07;VERDADEIRO;3;12;FALSO;FALSO
1;13/07/2025;Movimento em cartão de crédito;08/2025;NUBANK;;;Conversão de limite em saldo;;Conversão de limite em saldo;-4,59;VERDADEIRO;6;12;FALSO;FALSO
1;13/07/2025;Movimento em cartão de crédito;08/2025;NUBANK;;;Conversão de limite em saldo;;Conversão de limite em saldo;-12,75;VERDADEIRO;4;12;FALSO;FALSO
1;13/07/2025;Movimento em cartão de crédito;08/2025;NUBANK;;;Conversão de limite em saldo;;Conversão de limite em saldo;-2,53;VERDADEIRO;4;12;FALSO;FALSO
1;13/07/2025;Movimento em cartão de crédito;08/2025;NUBANK;;;Conversão de limite em saldo;;Conversão de limite em saldo;-6,93;VERDADEIRO;6;12;FALSO;FALSO
1;13/07/2025;Movimento em cartão de crédito;08/2025;NUBANK;;;Conversão de limite em saldo;;Conversão de limite em saldo;-6,83;VERDADEIRO;3;12;FALSO;FALSO
1;13/07/2025;Movimento em cartão de crédito;08/2025;NUBANK;;;Conversão de limite em saldo;;Conversão de limite em saldo;-5,11;VERDADEIRO;4;12;FALSO;FALSO
1;13/07/2025;Movimento em cartão de crédito;08/2025;NUBANK;;;Conversão de limite em saldo;;Conversão de limite em saldo;-24,51;VERDADEIRO;5;12;FALSO;FALSO
1;13/07/2025;Movimento em cartão de crédito;08/2025;NUBANK;;;Conversão de limite em saldo;;Conversão de limite em saldo;-3,44;VERDADEIRO;6;12;FALSO;FALSO
1;13/07/2025;Movimento em cartão de crédito;08/2025;NUBANK;;;Conversão de limite em saldo;;Conversão de limite em saldo;-6,37;VERDADEIRO;4;12;FALSO;FALSO
1;13/07/2025;Movimento em cartão de crédito;08/2025;NUBANK;;;Conversão de limite em saldo;;Conversão de limite em saldo;-8,19;VERDADEIRO;4;12;FALSO;FALSO
1;13/07/2025;Movimento em cartão de crédito;08/2025;NUBANK;;;Conversão de limite em saldo;;Conversão de limite em saldo;-8,67;VERDADEIRO;3;12;FALSO;FALSO
1;20/07/2025;Movimento em cartão de crédito;08/2025;NUBANK;;;Conversão de limite em saldo;;Conversão de limite em saldo;-51,05;FALSO;1;1;FALSO;FALSO
1;20/07/2025;Movimento em cartão de crédito;08/2025;NUBANK;;;Conversão de limite em saldo;;Conversão de limite em saldo;-9,05;VERDADEIRO;1;12;FALSO;FALSO
1;20/07/2025;Movimento em cartão de crédito;08/2025;NUBANK;;;Conversão de limite em saldo;;Conversão de limite em saldo;-25,02;FALSO;1;1;FALSO;FALSO
1;28/07/2025;Movimento em cartão de crédito;08/2025;NUBANK;;;Outros;;Eduardo Camargo Fiori;-10,87;FALSO;1;1;FALSO;FALSO
1;03/08/2025;Movimento em cartão de crédito;08/2025;NUBANK;;;Conversão de limite em saldo;;Conversão de limite em saldo;-5,63;VERDADEIRO;1;12;FALSO;FALSO
1;05/08/2025;Movimento em cartão de crédito;08/2025;NUBANK;;;Outros;;PAY2ALL INSTITUICAO DE PAGAMENTO LTDA;-3,06;VERDADEIRO;1;12;FALSO;FALSO
1;25/07/2025;Movimento em cartão de crédito;09/2025;Banco do Brasil;;;Restaurante;;VAGasparotto;-29;FALSO;1;1;FALSO;FALSO
1;25/07/2025;Movimento em cartão de crédito;09/2025;Banco do Brasil;;;Abastecimento;;POSTO INDUSVILLE;-40;FALSO;1;1;FALSO;FALSO
1;25/07/2025;Movimento em cartão de crédito;09/2025;Banco do Brasil;;;Supermercado;;SUPERMERCADO 88;-52,77;FALSO;1;1;FALSO;FALSO
1;25/07/2025;Movimento em cartão de crédito;09/2025;Banco do Brasil;;;Conveniência;;ARCO LESTE CONVENI;-26;FALSO;1;1;FALSO;FALSO
1;26/07/2025;Movimento em cartão de crédito;09/2025;Banco do Brasil;;;Utensílios domésticos;;P.H.MURIELLI INFORMATICA;-69,8;FALSO;1;1;FALSO;FALSO
1;26/07/2025;Movimento em cartão de crédito;09/2025;Banco do Brasil;;;Conveniência;;ARCO LESTE CONVENI;-36;FALSO;1;1;FALSO;FALSO
1;26/07/2025;Movimento em cartão de crédito;09/2025;Banco do Brasil;;;Supermercado;;SUPERMERCADO 88;-179,37;FALSO;1;1;FALSO;FALSO
1;26/07/2025;Movimento em cartão de crédito;09/2025;Banco do Brasil;;;Utensílios domésticos;;LEROY MERLIN;-100,79;FALSO;1;1;FALSO;FALSO
1;26/07/2025;Movimento em cartão de crédito;09/2025;Banco do Brasil;;;Pets;;PET GARLLI;-31,6;FALSO;1;1;FALSO;FALSO
1;26/07/2025;Movimento em cartão de crédito;09/2025;Banco do Brasil;;;Conveniência;;POSTO INDUSVILLE;-68;FALSO;1;1;FALSO;FALSO
1;26/07/2025;Movimento em cartão de crédito;09/2025;Banco do Brasil;;;Supermercado;;P S MARKET;-68;FALSO;1;1;FALSO;FALSO
1;26/07/2025;Movimento em cartão de crédito;09/2025;Banco do Brasil;;;Abastecimento;;POSTO INDUSVILLE;-100;FALSO;1;1;FALSO;FALSO
1;27/07/2025;Movimento em cartão de crédito;09/2025;Banco do Brasil;;;Supermercado;;MUFFATO JK;-35,88;FALSO;1;1;FALSO;FALSO
1;28/07/2025;Movimento em cartão de crédito;09/2025;Banco do Brasil;;;Conveniência;;MERCADOPAGO*MARCELINHO;-16;FALSO;1;1;FALSO;FALSO
1;28/07/2025;Movimento em cartão de crédito;09/2025;Banco do Brasil;;;Conveniência;;MERCADOPAGO*MARCELINHO;-52;FALSO;1;1;FALSO;FALSO
1;28/07/2025;Movimento em cartão de crédito;09/2025;Banco do Brasil;;;Supermercado;;SUPERMERCADO 88;-12,53;FALSO;1;1;FALSO;FALSO
1;28/07/2025;Movimento em cartão de crédito;09/2025;Banco do Brasil;;;Saúde;;FARMACIA HIPERFARMA;-9,52;FALSO;1;1;FALSO;FALSO
1;29/07/2025;Movimento em cartão de crédito;09/2025;Banco do Brasil;;;Conveniência;;PAC D ZONA LE;-129,9;FALSO;1;1;FALSO;FALSO
1;29/07/2025;Movimento em cartão de crédito;09/2025;Banco do Brasil;;;Supermercado;;SUPERMERCADO 88;-12,5;FALSO;1;1;FALSO;FALSO
1;29/07/2025;Movimento em cartão de crédito;09/2025;Banco do Brasil;;;Supermercado;;SUPERMERCADO 88;-29,39;FALSO;1;1;FALSO;FALSO
1;29/07/2025;Movimento em cartão de crédito;09/2025;Banco do Brasil;;;Ifood;;PRIMICIAS;-33,98;FALSO;1;1;FALSO;FALSO
1;30/07/2025;Movimento em cartão de crédito;09/2025;Banco do Brasil;;;Conveniência;;ARCO LESTE CONVENI;-36;FALSO;1;1;FALSO;FALSO
1;31/07/2025;Movimento em cartão de crédito;09/2025;Banco do Brasil;;;Conveniência;;MERCADOPAGO*MARCELINHO;-65;FALSO;1;1;FALSO;FALSO
1;31/07/2025;Movimento em cartão de crédito;09/2025;Banco do Brasil;;;Conveniência;;MERCADOPAGO*MARCELINHO;-7,5;FALSO;1;1;FALSO;FALSO
1;31/07/2025;Movimento em cartão de crédito;09/2025;Banco do Brasil;;;Supermercado;;SUPER MUFFATO;-106,04;FALSO;1;1;FALSO;FALSO
1;01/08/2025;Movimento em cartão de crédito;09/2025;Banco do Brasil;;;Conveniência;;POSTO INDUSVILLE;-36,9;FALSO;1;1;FALSO;FALSO
1;02/08/2025;Movimento em cartão de crédito;09/2025;Banco do Brasil;;;Conveniência;;ZÉ DELIVERY;-39,64;FALSO;1;1;FALSO;FALSO
1;02/08/2025;Movimento em cartão de crédito;09/2025;Banco do Brasil;;;Conveniência;;MERCADOPAGO*MARCELINHO;-65;FALSO;1;1;FALSO;FALSO
1;02/08/2025;Movimento em cartão de crédito;09/2025;Banco do Brasil;;;Conveniência;;MERCADOPAGO*MARCELINHO;-16;FALSO;1;1;FALSO;FALSO
1;02/08/2025;Movimento em cartão de crédito;09/2025;Banco do Brasil;;;Abastecimento;;POSTO INDUSVILLE;-70;FALSO;1;1;FALSO;FALSO
1;03/08/2025;Movimento em cartão de crédito;09/2025;Banco do Brasil;;;Conveniência;;ARCO LESTE CONVENI;-24;FALSO;1;1;FALSO;FALSO
1;03/08/2025;Movimento em cartão de crédito;09/2025;Banco do Brasil;;;Ifood;;IFD *M P CURZEL;-43,95;FALSO;1;1;FALSO;FALSO
1;04/08/2025;Movimento em cartão de crédito;09/2025;Banco do Brasil;;;Pets;;PET GARLLI;-36,99;FALSO;1;1;FALSO;FALSO
1;04/08/2025;Movimento em cartão de crédito;09/2025;Banco do Brasil;;;Supermercado;;SUPERMERCADO 88;-79,3;FALSO;1;1;FALSO;FALSO
1;05/08/2025;Movimento em cartão de crédito;09/2025;Banco do Brasil;;;Supermercado;;SUPERMERCADO 88;-37,29;FALSO;1;1;FALSO;FALSO
1;06/08/2025;Movimento em cartão de crédito;09/2025;Banco do Brasil;;;Conveniência;;ARCO LESTE CONVENI;-40;FALSO;1;1;FALSO;FALSO
1;06/08/2025;Movimento em cartão de crédito;09/2025;Banco do Brasil;;;Serviços, streams e afins;;AmazonPrimeBR;-19,9;FALSO;1;1;VERDADEIRO;FALSO
1;06/08/2025;Movimento em cartão de crédito;09/2025;Banco do Brasil;;;Ifood;;IFOOD CLUB;-12,9;FALSO;1;1;VERDADEIRO;FALSO
1;07/08/2025;Movimento em cartão de crédito;09/2025;Banco do Brasil;;;Restaurante;;VAGasparotto;-25;FALSO;1;1;FALSO;FALSO
1;07/08/2025;Movimento em cartão de crédito;09/2025;Banco do Brasil;;;Conveniência;;ARCO LESTE CONVENI;-45,75;FALSO;1;1;FALSO;FALSO
1;08/08/2025;Movimento em cartão de crédito;09/2025;Banco do Brasil;;;Ifood;;IFD* ALBERTO K;-52,43;FALSO;1;1;FALSO;FALSO
1;09/08/2025;Movimento em cartão de crédito;09/2025;Banco do Brasil;;;Supermercado;;SUPERMERCADO 88;-57,16;FALSO;1;1;FALSO;FALSO
1;09/08/2025;Movimento em cartão de crédito;09/2025;Banco do Brasil;;;Beleza;;GLX *FRANCOAFLIX;-69,9;FALSO;1;1;FALSO;FALSO
1;09/08/2025;Movimento em cartão de crédito;09/2025;Banco do Brasil;;;Ifood;;PRIMICIAS;-60,8;FALSO;1;1;FALSO;FALSO
1;10/08/2025;Movimento em cartão de crédito;09/2025;Banco do Brasil;;;Supermercado;;SUPERMERCADO 88;-51,16;FALSO;1;1;FALSO;FALSO
1;10/08/2025;Movimento em cartão de crédito;09/2025;Banco do Brasil;;;Conveniência;;POSTO INDUSVILLE;-82,61;FALSO;1;1;FALSO;FALSO
1;10/08/2025;Movimento em cartão de crédito;09/2025;Banco do Brasil;;;Conveniência;;POSTO INDUSVILLE;-84,5;FALSO;1;1;FALSO;FALSO
1;10/08/2025;Movimento em cartão de crédito;09/2025;Banco do Brasil;;;Ifood;;IFD*T A AMERICO DE SOU;-50,7;FALSO;1;1;FALSO;FALSO
1;11/08/2025;Movimento em cartão de crédito;09/2025;Banco do Brasil;;;Supermercado;;SUPERMERCADO 88;-40,35;FALSO;1;1;FALSO;FALSO
1;12/08/2025;Movimento em cartão de crédito;09/2025;Banco do Brasil;;;Conveniência;;ARCO LESTE CONVENI;-20;FALSO;1;1;FALSO;FALSO
1;12/08/2025;Movimento em cartão de crédito;09/2025;Banco do Brasil;;;Pets;;PET GARLLI;-19,23;FALSO;1;1;FALSO;FALSO
1;12/08/2025;Movimento em cartão de crédito;09/2025;Banco do Brasil;;;Serviços, streams e afins;;Tinder;-35,99;FALSO;1;1;FALSO;FALSO
1;13/08/2025;Movimento em cartão de crédito;09/2025;Banco do Brasil;;;Conveniência;;ARCO LESTE CONVENI;-16;FALSO;1;1;FALSO;FALSO
1;13/08/2025;Movimento em cartão de crédito;09/2025;Banco do Brasil;;;Supermercado;;SUPERMERCADO 88;-54,05;FALSO;1;1;FALSO;FALSO
1;14/08/2025;Movimento em cartão de crédito;09/2025;Banco do Brasil;;;Conveniência;;Paiva e Urbick comercio;-140;FALSO;1;1;FALSO;FALSO
1;14/08/2025;Movimento em cartão de crédito;09/2025;Banco do Brasil;;;Serviços, streams e afins;;CRUNCHYROLL;-14,99;FALSO;1;1;VERDADEIRO;FALSO
1;15/08/2025;Movimento em cartão de crédito;09/2025;Banco do Brasil;;;Conveniência;;MERCADOPAGO*MARCELINHO;-20;FALSO;1;1;FALSO;FALSO
1;15/08/2025;Movimento em cartão de crédito;09/2025;Banco do Brasil;;;Conveniência;;POSTO INDUSVILLE;-38,9;FALSO;1;1;FALSO;FALSO
1;15/08/2025;Movimento em cartão de crédito;09/2025;Banco do Brasil;;;Abastecimento;;POSTO AEROPORTO;-44,9;FALSO;1;1;FALSO;FALSO
1;15/08/2025;Movimento em cartão de crédito;09/2025;Banco do Brasil;;;Supermercado;;MUFFATO JK;-9,98;FALSO;1;1;FALSO;FALSO
1;16/08/2025;Movimento em cartão de crédito;09/2025;Banco do Brasil;;;Serviços, streams e afins;;HBO Max;-19,95;FALSO;1;1;VERDADEIRO;FALSO
1;16/08/2025;Movimento em cartão de crédito;09/2025;Banco do Brasil;;;Conveniência;;POSTO INDUSVILLE;-88,9;FALSO;1;1;FALSO;FALSO
1;17/08/2025;Movimento em cartão de crédito;09/2025;Banco do Brasil;;;Serviços, streams e afins;;Netflix;-59,9;FALSO;1;1;VERDADEIRO;FALSO
1;17/08/2025;Movimento em cartão de crédito;09/2025;Banco do Brasil;;;Ifood;;IFD*J R PEITL CIA;-40,99;FALSO;1;1;FALSO;FALSO
1;17/08/2025;Movimento em cartão de crédito;09/2025;Banco do Brasil;;;Supermercado;;SUPER MUFFATO;-101,76;FALSO;1;1;FALSO;FALSO
1;17/08/2025;Movimento em cartão de crédito;09/2025;Banco do Brasil;;;Supermercado;;SUPER MUFFATO;-21,43;FALSO;1;1;FALSO;FALSO
1;01/08/2025;Movimento em cartão de crédito;09/2025;Banco do Brasil;;;Restaurante;;LANCHONETE SHANDUELLA;-44,5;FALSO;1;1;FALSO;FALSO
1;01/08/2025;Movimento em cartão de crédito;09/2025;Banco do Brasil;;;Restaurante;;BarPlacaA;-43,65;FALSO;1;1;FALSO;FALSO
1;02/08/2025;Movimento em cartão de crédito;09/2025;Banco do Brasil;;;Ifood;;IFD*RESTAURANTE OKADA;-33,89;FALSO;1;1;FALSO;FALSO
1;03/08/2025;Movimento em cartão de crédito;09/2025;Banco do Brasil;;;Restaurante;;GIOVANI LANCHES;-55,6;FALSO;1;1;FALSO;FALSO
1;03/08/2025;Movimento em cartão de crédito;09/2025;Banco do Brasil;;;Ifood;;IFD *ZAMP SA;-73,86;FALSO;1;1;FALSO;FALSO
1;05/08/2025;Movimento em cartão de crédito;09/2025;Banco do Brasil;;;Restaurante;;CAFE E PROSA LANCHONET;-4;FALSO;1;1;FALSO;FALSO
1;07/08/2025;Movimento em cartão de crédito;09/2025;Banco do Brasil;;;Restaurante;;BAR E RESTAURANTE INDUSVILLE;-33;FALSO;1;1;FALSO;FALSO
1;08/08/2025;Movimento em cartão de crédito;09/2025;Banco do Brasil;;;Ifood;;IFD*A. K. MIYAZAKI DOS;-65,89;FALSO;1;1;FALSO;FALSO
1;14/08/2025;Movimento em cartão de crédito;09/2025;Banco do Brasil;;;Restaurante;;BAR E RESTAURANTE INDUSVILLE;-10;FALSO;1;1;FALSO;FALSO
1;15/08/2025;Movimento em cartão de crédito;09/2025;Banco do Brasil;;;Restaurante;;TomioChimazaki;-57,25;FALSO;1;1;FALSO;FALSO
1;25/03/2025;Movimento em cartão de crédito;09/2025;Banco do Brasil;;;Conversão de limite em saldo;;LEANDRO HENRI;-12,1;VERDADEIRO;5;10;FALSO;FALSO
1;28/03/2025;Movimento em cartão de crédito;09/2025;Banco do Brasil;;;Conversão de limite em saldo;;LEANDRO HENRI;-24,21;VERDADEIRO;5;10;FALSO;FALSO
1;30/03/2025;Movimento em cartão de crédito;09/2025;Banco do Brasil;;;Conversão de limite em saldo;;LEANDRO HENRI;-18,15;VERDADEIRO;5;10;FALSO;FALSO
1;02/06/2025;Movimento em cartão de crédito;09/2025;Banco do Brasil;;;Utensílios domésticos;;MP*SUDESTEIMP;-24,52;VERDADEIRO;3;12;FALSO;FALSO
1;02/07/2025;Movimento em cartão de crédito;09/2025;Banco do Brasil;;;Beleza;;MERCADOPAGO*E;-42,93;VERDADEIRO;2;6;FALSO;FALSO
1;03/10/2024;Movimento em cartão de crédito;09/2025;Banco do Brasil;;;Utensílios domésticos;;GASLAR;-188,91;VERDADEIRO;11;12;FALSO;FALSO
1;04/05/2025;Movimento em cartão de crédito;09/2025;Banco do Brasil;;;Beleza;;SEC*EBAZARCOM;-56,2;VERDADEIRO;4;6;FALSO;FALSO
1;08/01/2025;Movimento em cartão de crédito;09/2025;Banco do Brasil;;;Conversão de limite em saldo;;LEANDRO HENRI;-184,7;VERDADEIRO;8;12;FALSO;FALSO
1;08/05/2025;Movimento em cartão de crédito;09/2025;Banco do Brasil;;;Conversão de limite em saldo;;ZP*ENGE SERV;-89,81;VERDADEIRO;4;12;FALSO;FALSO
1;11/07/2025;Movimento em cartão de crédito;09/2025;Banco do Brasil;;;Utensílios domésticos;;MERCADOPAGO*M;-13;VERDADEIRO;2;2;FALSO;FALSO
1;11/07/2025;Movimento em cartão de crédito;09/2025;Banco do Brasil;;;Beleza;;DM;-35,14;VERDADEIRO;2;6;FALSO;FALSO
1;12/05/2025;Movimento em cartão de crédito;09/2025;Banco do Brasil;;;Conversão de limite em saldo;;MP*JPTECNOLOG;-291,66;VERDADEIRO;4;12;FALSO;FALSO
1;15/01/2025;Movimento em cartão de crédito;09/2025;Banco do Brasil;;;Conversão de limite em saldo;;PINPAG *FABIO;-659,73;VERDADEIRO;8;21;FALSO;FALSO
1;16/01/2025;Movimento em cartão de crédito;09/2025;Banco do Brasil;;;Saúde;;MP*GROWTHSUPP;-40,3;VERDADEIRO;6;6;FALSO;FALSO
1;20/03/2025;Movimento em cartão de crédito;09/2025;Banco do Brasil;;;Conversão de limite em saldo;;LEANDRO HENRI;-30,26;VERDADEIRO;6;10;FALSO;FALSO
1;20/07/2025;Movimento em cartão de crédito;09/2025;Banco do Brasil;;;Pets;;ANALIVET CLIN;-108;VERDADEIRO;2;3;FALSO;FALSO
1;21/07/2025;Movimento em cartão de crédito;09/2025;Banco do Brasil;;;Utensílios domésticos;;DM*TEMU;-8,79;VERDADEIRO;2;6;FALSO;FALSO
1;21/07/2025;Movimento em cartão de crédito;09/2025;Banco do Brasil;;;Conversão de limite em saldo;;EC *JPTECNOLO;-179,97;VERDADEIRO;2;10;FALSO;FALSO
1;18/08/2025;Movimento em cartão de crédito;09/2025;Banco do Brasil;;;Conversão de limite em saldo;;MP*JPTECNOLOG;-55;FALSO;1;1;FALSO;FALSO
1;18/08/2025;Movimento em cartão de crédito;09/2025;Banco do Brasil;;;Supermercado;;SUPERMERCADO 88;-16,16;FALSO;1;1;FALSO;FALSO
1;13/07/2025;Movimento em cartão de crédito;09/2025;NUBANK;;;Utensílios domésticos;;Mercadolivre*Differen;-6,59;VERDADEIRO;7;12;FALSO;FALSO
1;13/07/2025;Movimento em cartão de crédito;10/2025;NUBANK;;;Utensílios domésticos;;Mercadolivre*Differen;-6,59;VERDADEIRO;8;12;FALSO;FALSO
1;13/07/2025;Movimento em cartão de crédito;11/2025;NUBANK;;;Utensílios domésticos;;Mercadolivre*Differen;-6,59;VERDADEIRO;9;12;FALSO;FALSO
1;13/07/2025;Movimento em cartão de crédito;12/2025;NUBANK;;;Utensílios domésticos;;Mercadolivre*Differen;-6,59;VERDADEIRO;10;12;FALSO;FALSO
1;13/07/2025;Movimento em cartão de crédito;01/2026;NUBANK;;;Utensílios domésticos;;Mercadolivre*Differen;-6,59;VERDADEIRO;11;12;FALSO;FALSO
1;13/07/2025;Movimento em cartão de crédito;02/2026;NUBANK;;;Utensílios domésticos;;Mercadolivre*Differen;-6,59;VERDADEIRO;12;12;FALSO;FALSO
1;13/07/2025;Movimento em cartão de crédito;09/2025;NUBANK;;;Outros;;Rodrigo;-31,8;VERDADEIRO;12;12;FALSO;FALSO
1;13/07/2025;Movimento em cartão de crédito;09/2025;NUBANK;;;Utensílios domésticos;;Mercadolivre*Liashopp;-7,83;VERDADEIRO;7;12;FALSO;FALSO
1;13/07/2025;Movimento em cartão de crédito;10/2025;NUBANK;;;Utensílios domésticos;;Mercadolivre*Liashopp;-7,83;VERDADEIRO;8;12;FALSO;FALSO
1;13/07/2025;Movimento em cartão de crédito;11/2025;NUBANK;;;Utensílios domésticos;;Mercadolivre*Liashopp;-7,83;VERDADEIRO;9;12;FALSO;FALSO
1;13/07/2025;Movimento em cartão de crédito;12/2025;NUBANK;;;Utensílios domésticos;;Mercadolivre*Liashopp;-7,83;VERDADEIRO;10;12;FALSO;FALSO
1;13/07/2025;Movimento em cartão de crédito;01/2026;NUBANK;;;Utensílios domésticos;;Mercadolivre*Liashopp;-7,83;VERDADEIRO;11;12;FALSO;FALSO
1;13/07/2025;Movimento em cartão de crédito;02/2026;NUBANK;;;Utensílios domésticos;;Mercadolivre*Liashopp;-7,83;VERDADEIRO;12;12;FALSO;FALSO
1;13/07/2025;Movimento em cartão de crédito;09/2025;NUBANK;;;Alura;;Alura;-111;VERDADEIRO;10;12;FALSO;FALSO
1;13/07/2025;Movimento em cartão de crédito;10/2025;NUBANK;;;Alura;;Alura;-111;VERDADEIRO;11;12;FALSO;FALSO
1;13/07/2025;Movimento em cartão de crédito;11/2025;NUBANK;;;Alura;;Alura;-111;VERDADEIRO;12;12;FALSO;FALSO
1;17/07/2025;Movimento em cartão de crédito;09/2025;NUBANK;;;PSN;;Ebn *Sonyplaystation;-17,01;VERDADEIRO;2;4;FALSO;FALSO
1;17/07/2025;Movimento em cartão de crédito;10/2025;NUBANK;;;PSN;;Ebn *Sonyplaystation;-17,01;VERDADEIRO;3;4;FALSO;FALSO
1;17/07/2025;Movimento em cartão de crédito;11/2025;NUBANK;;;PSN;;Ebn *Sonyplaystation;-17,01;VERDADEIRO;4;4;FALSO;FALSO
1;29/07/2025;Movimento em cartão de crédito;09/2025;NUBANK;;;PSN;;Ebn *Sonyplaystation;-58,11;VERDADEIRO;2;4;FALSO;FALSO
1;29/07/2025;Movimento em cartão de crédito;10/2025;NUBANK;;;PSN;;Ebn *Sonyplaystation;-58,11;VERDADEIRO;3;4;FALSO;FALSO
1;29/07/2025;Movimento em cartão de crédito;11/2025;NUBANK;;;PSN;;Ebn *Sonyplaystation;-58,11;VERDADEIRO;4;4;FALSO;FALSO
1;13/07/2025;Movimento em cartão de crédito;09/2025;NUBANK;;;Conversão de limite em saldo;;Conversão de limite em saldo;-7,71;VERDADEIRO;5;12;FALSO;FALSO
1;13/07/2025;Movimento em cartão de crédito;10/2025;NUBANK;;;Conversão de limite em saldo;;Conversão de limite em saldo;-7,71;VERDADEIRO;6;12;FALSO;FALSO
1;13/07/2025;Movimento em cartão de crédito;11/2025;NUBANK;;;Conversão de limite em saldo;;Conversão de limite em saldo;-7,71;VERDADEIRO;7;12;FALSO;FALSO
1;13/07/2025;Movimento em cartão de crédito;12/2025;NUBANK;;;Conversão de limite em saldo;;Conversão de limite em saldo;-7,71;VERDADEIRO;8;12;FALSO;FALSO
1;13/07/2025;Movimento em cartão de crédito;01/2026;NUBANK;;;Conversão de limite em saldo;;Conversão de limite em saldo;-7,71;VERDADEIRO;9;12;FALSO;FALSO
1;13/07/2025;Movimento em cartão de crédito;02/2026;NUBANK;;;Conversão de limite em saldo;;Conversão de limite em saldo;-7,71;VERDADEIRO;10;12;FALSO;FALSO
1;13/07/2025;Movimento em cartão de crédito;03/2026;NUBANK;;;Conversão de limite em saldo;;Conversão de limite em saldo;-7,71;VERDADEIRO;11;12;FALSO;FALSO
1;13/07/2025;Movimento em cartão de crédito;04/2026;NUBANK;;;Conversão de limite em saldo;;Conversão de limite em saldo;-7,71;VERDADEIRO;12;12;FALSO;FALSO
1;13/07/2025;Movimento em cartão de crédito;09/2025;NUBANK;;;Conversão de limite em saldo;;Conversão de limite em saldo;-297,22;VERDADEIRO;5;12;FALSO;FALSO
1;13/07/2025;Movimento em cartão de crédito;10/2025;NUBANK;;;Conversão de limite em saldo;;Conversão de limite em saldo;-297,22;VERDADEIRO;6;12;FALSO;FALSO
1;13/07/2025;Movimento em cartão de crédito;11/2025;NUBANK;;;Conversão de limite em saldo;;Conversão de limite em saldo;-297,22;VERDADEIRO;7;12;FALSO;FALSO
1;13/07/2025;Movimento em cartão de crédito;12/2025;NUBANK;;;Conversão de limite em saldo;;Conversão de limite em saldo;-297,22;VERDADEIRO;8;12;FALSO;FALSO
1;13/07/2025;Movimento em cartão de crédito;01/2026;NUBANK;;;Conversão de limite em saldo;;Conversão de limite em saldo;-297,22;VERDADEIRO;9;12;FALSO;FALSO
1;13/07/2025;Movimento em cartão de crédito;02/2026;NUBANK;;;Conversão de limite em saldo;;Conversão de limite em saldo;-297,22;VERDADEIRO;10;12;FALSO;FALSO
1;13/07/2025;Movimento em cartão de crédito;03/2026;NUBANK;;;Conversão de limite em saldo;;Conversão de limite em saldo;-297,22;VERDADEIRO;11;12;FALSO;FALSO
1;13/07/2025;Movimento em cartão de crédito;04/2026;NUBANK;;;Conversão de limite em saldo;;Conversão de limite em saldo;-297,22;VERDADEIRO;12;12;FALSO;FALSO
1;13/07/2025;Movimento em cartão de crédito;09/2025;NUBANK;;;Conversão de limite em saldo;;Conversão de limite em saldo;-5,12;VERDADEIRO;5;12;FALSO;FALSO
1;13/07/2025;Movimento em cartão de crédito;10/2025;NUBANK;;;Conversão de limite em saldo;;Conversão de limite em saldo;-5,12;VERDADEIRO;6;12;FALSO;FALSO
1;13/07/2025;Movimento em cartão de crédito;11/2025;NUBANK;;;Conversão de limite em saldo;;Conversão de limite em saldo;-5,12;VERDADEIRO;7;12;FALSO;FALSO
1;13/07/2025;Movimento em cartão de crédito;12/2025;NUBANK;;;Conversão de limite em saldo;;Conversão de limite em saldo;-5,12;VERDADEIRO;8;12;FALSO;FALSO
1;13/07/2025;Movimento em cartão de crédito;01/2026;NUBANK;;;Conversão de limite em saldo;;Conversão de limite em saldo;-5,12;VERDADEIRO;9;12;FALSO;FALSO
1;13/07/2025;Movimento em cartão de crédito;02/2026;NUBANK;;;Conversão de limite em saldo;;Conversão de limite em saldo;-5,12;VERDADEIRO;10;12;FALSO;FALSO
1;13/07/2025;Movimento em cartão de crédito;03/2026;NUBANK;;;Conversão de limite em saldo;;Conversão de limite em saldo;-5,12;VERDADEIRO;11;12;FALSO;FALSO
1;13/07/2025;Movimento em cartão de crédito;04/2026;NUBANK;;;Conversão de limite em saldo;;Conversão de limite em saldo;-5,12;VERDADEIRO;12;12;FALSO;FALSO
1;13/07/2025;Movimento em cartão de crédito;09/2025;NUBANK;;;Conversão de limite em saldo;;Conversão de limite em saldo;-7,69;VERDADEIRO;5;12;FALSO;FALSO
1;13/07/2025;Movimento em cartão de crédito;10/2025;NUBANK;;;Conversão de limite em saldo;;Conversão de limite em saldo;-7,69;VERDADEIRO;6;12;FALSO;FALSO
1;13/07/2025;Movimento em cartão de crédito;11/2025;NUBANK;;;Conversão de limite em saldo;;Conversão de limite em saldo;-7,69;VERDADEIRO;7;12;FALSO;FALSO
1;13/07/2025;Movimento em cartão de crédito;12/2025;NUBANK;;;Conversão de limite em saldo;;Conversão de limite em saldo;-7,69;VERDADEIRO;8;12;FALSO;FALSO
1;13/07/2025;Movimento em cartão de crédito;01/2026;NUBANK;;;Conversão de limite em saldo;;Conversão de limite em saldo;-7,69;VERDADEIRO;9;12;FALSO;FALSO
1;13/07/2025;Movimento em cartão de crédito;02/2026;NUBANK;;;Conversão de limite em saldo;;Conversão de limite em saldo;-7,69;VERDADEIRO;10;12;FALSO;FALSO
1;13/07/2025;Movimento em cartão de crédito;03/2026;NUBANK;;;Conversão de limite em saldo;;Conversão de limite em saldo;-7,69;VERDADEIRO;11;12;FALSO;FALSO
1;13/07/2025;Movimento em cartão de crédito;04/2026;NUBANK;;;Conversão de limite em saldo;;Conversão de limite em saldo;-7,69;VERDADEIRO;12;12;FALSO;FALSO
1;13/07/2025;Movimento em cartão de crédito;09/2025;NUBANK;;;Conversão de limite em saldo;;Conversão de limite em saldo;-182,04;VERDADEIRO;4;12;FALSO;FALSO
1;13/07/2025;Movimento em cartão de crédito;10/2025;NUBANK;;;Conversão de limite em saldo;;Conversão de limite em saldo;-182,04;VERDADEIRO;5;12;FALSO;FALSO
1;13/07/2025;Movimento em cartão de crédito;11/2025;NUBANK;;;Conversão de limite em saldo;;Conversão de limite em saldo;-182,04;VERDADEIRO;6;12;FALSO;FALSO
1;13/07/2025;Movimento em cartão de crédito;12/2025;NUBANK;;;Conversão de limite em saldo;;Conversão de limite em saldo;-182,04;VERDADEIRO;7;12;FALSO;FALSO
1;13/07/2025;Movimento em cartão de crédito;01/2026;NUBANK;;;Conversão de limite em saldo;;Conversão de limite em saldo;-182,04;VERDADEIRO;8;12;FALSO;FALSO
1;13/07/2025;Movimento em cartão de crédito;02/2026;NUBANK;;;Conversão de limite em saldo;;Conversão de limite em saldo;-182,04;VERDADEIRO;9;12;FALSO;FALSO
1;13/07/2025;Movimento em cartão de crédito;03/2026;NUBANK;;;Conversão de limite em saldo;;Conversão de limite em saldo;-182,04;VERDADEIRO;10;12;FALSO;FALSO
1;13/07/2025;Movimento em cartão de crédito;04/2026;NUBANK;;;Conversão de limite em saldo;;Conversão de limite em saldo;-182,04;VERDADEIRO;11;12;FALSO;FALSO
1;13/07/2025;Movimento em cartão de crédito;05/2026;NUBANK;;;Conversão de limite em saldo;;Conversão de limite em saldo;-182,04;VERDADEIRO;12;12;FALSO;FALSO
1;13/07/2025;Movimento em cartão de crédito;09/2025;NUBANK;;;Conversão de limite em saldo;;Conversão de limite em saldo;-61,04;VERDADEIRO;10;12;FALSO;FALSO
1;13/07/2025;Movimento em cartão de crédito;10/2025;NUBANK;;;Conversão de limite em saldo;;Conversão de limite em saldo;-61,04;VERDADEIRO;11;12;FALSO;FALSO
1;13/07/2025;Movimento em cartão de crédito;11/2025;NUBANK;;;Conversão de limite em saldo;;Conversão de limite em saldo;-61,04;VERDADEIRO;12;12;FALSO;FALSO
1;13/07/2025;Movimento em cartão de crédito;09/2025;NUBANK;;;Conversão de limite em saldo;;Conversão de limite em saldo;-10,44;VERDADEIRO;4;12;FALSO;FALSO
1;13/07/2025;Movimento em cartão de crédito;10/2025;NUBANK;;;Conversão de limite em saldo;;Conversão de limite em saldo;-10,44;VERDADEIRO;5;12;FALSO;FALSO
1;13/07/2025;Movimento em cartão de crédito;11/2025;NUBANK;;;Conversão de limite em saldo;;Conversão de limite em saldo;-10,44;VERDADEIRO;6;12;FALSO;FALSO
1;13/07/2025;Movimento em cartão de crédito;12/2025;NUBANK;;;Conversão de limite em saldo;;Conversão de limite em saldo;-10,44;VERDADEIRO;7;12;FALSO;FALSO
1;13/07/2025;Movimento em cartão de crédito;01/2026;NUBANK;;;Conversão de limite em saldo;;Conversão de limite em saldo;-10,44;VERDADEIRO;8;12;FALSO;FALSO
1;13/07/2025;Movimento em cartão de crédito;02/2026;NUBANK;;;Conversão de limite em saldo;;Conversão de limite em saldo;-10,44;VERDADEIRO;9;12;FALSO;FALSO
1;13/07/2025;Movimento em cartão de crédito;03/2026;NUBANK;;;Conversão de limite em saldo;;Conversão de limite em saldo;-10,44;VERDADEIRO;10;12;FALSO;FALSO
1;13/07/2025;Movimento em cartão de crédito;04/2026;NUBANK;;;Conversão de limite em saldo;;Conversão de limite em saldo;-10,44;VERDADEIRO;11;12;FALSO;FALSO
1;13/07/2025;Movimento em cartão de crédito;05/2026;NUBANK;;;Conversão de limite em saldo;;Conversão de limite em saldo;-10,44;VERDADEIRO;12;12;FALSO;FALSO
1;13/07/2025;Movimento em cartão de crédito;09/2025;NUBANK;;;Conversão de limite em saldo;;Conversão de limite em saldo;-25,27;VERDADEIRO;5;12;FALSO;FALSO
1;13/07/2025;Movimento em cartão de crédito;10/2025;NUBANK;;;Conversão de limite em saldo;;Conversão de limite em saldo;-25,27;VERDADEIRO;6;12;FALSO;FALSO
1;13/07/2025;Movimento em cartão de crédito;11/2025;NUBANK;;;Conversão de limite em saldo;;Conversão de limite em saldo;-25,27;VERDADEIRO;7;12;FALSO;FALSO
1;13/07/2025;Movimento em cartão de crédito;12/2025;NUBANK;;;Conversão de limite em saldo;;Conversão de limite em saldo;-25,27;VERDADEIRO;8;12;FALSO;FALSO
1;13/07/2025;Movimento em cartão de crédito;01/2026;NUBANK;;;Conversão de limite em saldo;;Conversão de limite em saldo;-25,27;VERDADEIRO;9;12;FALSO;FALSO
1;13/07/2025;Movimento em cartão de crédito;02/2026;NUBANK;;;Conversão de limite em saldo;;Conversão de limite em saldo;-25,27;VERDADEIRO;10;12;FALSO;FALSO
1;13/07/2025;Movimento em cartão de crédito;03/2026;NUBANK;;;Conversão de limite em saldo;;Conversão de limite em saldo;-25,27;VERDADEIRO;11;12;FALSO;FALSO
1;13/07/2025;Movimento em cartão de crédito;04/2026;NUBANK;;;Conversão de limite em saldo;;Conversão de limite em saldo;-25,27;VERDADEIRO;12;12;FALSO;FALSO
1;13/07/2025;Movimento em cartão de crédito;09/2025;NUBANK;;;Conversão de limite em saldo;;Conversão de limite em saldo;-2,28;VERDADEIRO;7;12;FALSO;FALSO
1;13/07/2025;Movimento em cartão de crédito;10/2025;NUBANK;;;Conversão de limite em saldo;;Conversão de limite em saldo;-2,28;VERDADEIRO;8;12;FALSO;FALSO
1;13/07/2025;Movimento em cartão de crédito;11/2025;NUBANK;;;Conversão de limite em saldo;;Conversão de limite em saldo;-2,28;VERDADEIRO;9;12;FALSO;FALSO
1;13/07/2025;Movimento em cartão de crédito;12/2025;NUBANK;;;Conversão de limite em saldo;;Conversão de limite em saldo;-2,28;VERDADEIRO;10;12;FALSO;FALSO
1;13/07/2025;Movimento em cartão de crédito;01/2026;NUBANK;;;Conversão de limite em saldo;;Conversão de limite em saldo;-2,28;VERDADEIRO;11;12;FALSO;FALSO
1;13/07/2025;Movimento em cartão de crédito;02/2026;NUBANK;;;Conversão de limite em saldo;;Conversão de limite em saldo;-2,28;VERDADEIRO;12;12;FALSO;FALSO
1;13/07/2025;Movimento em cartão de crédito;09/2025;NUBANK;;;Conversão de limite em saldo;;Conversão de limite em saldo;-100,07;VERDADEIRO;4;12;FALSO;FALSO
1;13/07/2025;Movimento em cartão de crédito;10/2025;NUBANK;;;Conversão de limite em saldo;;Conversão de limite em saldo;-100,07;VERDADEIRO;5;12;FALSO;FALSO
1;13/07/2025;Movimento em cartão de crédito;11/2025;NUBANK;;;Conversão de limite em saldo;;Conversão de limite em saldo;-100,07;VERDADEIRO;6;12;FALSO;FALSO
1;13/07/2025;Movimento em cartão de crédito;12/2025;NUBANK;;;Conversão de limite em saldo;;Conversão de limite em saldo;-100,07;VERDADEIRO;7;12;FALSO;FALSO
1;13/07/2025;Movimento em cartão de crédito;01/2026;NUBANK;;;Conversão de limite em saldo;;Conversão de limite em saldo;-100,07;VERDADEIRO;8;12;FALSO;FALSO
1;13/07/2025;Movimento em cartão de crédito;02/2026;NUBANK;;;Conversão de limite em saldo;;Conversão de limite em saldo;-100,07;VERDADEIRO;9;12;FALSO;FALSO
1;13/07/2025;Movimento em cartão de crédito;03/2026;NUBANK;;;Conversão de limite em saldo;;Conversão de limite em saldo;-100,07;VERDADEIRO;10;12;FALSO;FALSO
1;13/07/2025;Movimento em cartão de crédito;04/2026;NUBANK;;;Conversão de limite em saldo;;Conversão de limite em saldo;-100,07;VERDADEIRO;11;12;FALSO;FALSO
1;13/07/2025;Movimento em cartão de crédito;05/2026;NUBANK;;;Conversão de limite em saldo;;Conversão de limite em saldo;-100,07;VERDADEIRO;12;12;FALSO;FALSO
1;13/07/2025;Movimento em cartão de crédito;09/2025;NUBANK;;;Conversão de limite em saldo;;Conversão de limite em saldo;-4,59;VERDADEIRO;7;12;FALSO;FALSO
1;13/07/2025;Movimento em cartão de crédito;10/2025;NUBANK;;;Conversão de limite em saldo;;Conversão de limite em saldo;-4,59;VERDADEIRO;8;12;FALSO;FALSO
1;13/07/2025;Movimento em cartão de crédito;11/2025;NUBANK;;;Conversão de limite em saldo;;Conversão de limite em saldo;-4,59;VERDADEIRO;9;12;FALSO;FALSO
1;13/07/2025;Movimento em cartão de crédito;12/2025;NUBANK;;;Conversão de limite em saldo;;Conversão de limite em saldo;-4,59;VERDADEIRO;10;12;FALSO;FALSO
1;13/07/2025;Movimento em cartão de crédito;01/2026;NUBANK;;;Conversão de limite em saldo;;Conversão de limite em saldo;-4,59;VERDADEIRO;11;12;FALSO;FALSO
1;13/07/2025;Movimento em cartão de crédito;02/2026;NUBANK;;;Conversão de limite em saldo;;Conversão de limite em saldo;-4,59;VERDADEIRO;12;12;FALSO;FALSO
1;13/07/2025;Movimento em cartão de crédito;09/2025;NUBANK;;;Conversão de limite em saldo;;Conversão de limite em saldo;-12,75;VERDADEIRO;5;12;FALSO;FALSO
1;13/07/2025;Movimento em cartão de crédito;10/2025;NUBANK;;;Conversão de limite em saldo;;Conversão de limite em saldo;-12,75;VERDADEIRO;6;12;FALSO;FALSO
1;13/07/2025;Movimento em cartão de crédito;11/2025;NUBANK;;;Conversão de limite em saldo;;Conversão de limite em saldo;-12,75;VERDADEIRO;7;12;FALSO;FALSO
1;13/07/2025;Movimento em cartão de crédito;12/2025;NUBANK;;;Conversão de limite em saldo;;Conversão de limite em saldo;-12,75;VERDADEIRO;8;12;FALSO;FALSO
1;13/07/2025;Movimento em cartão de crédito;01/2026;NUBANK;;;Conversão de limite em saldo;;Conversão de limite em saldo;-12,75;VERDADEIRO;9;12;FALSO;FALSO
1;13/07/2025;Movimento em cartão de crédito;02/2026;NUBANK;;;Conversão de limite em saldo;;Conversão de limite em saldo;-12,75;VERDADEIRO;10;12;FALSO;FALSO
1;13/07/2025;Movimento em cartão de crédito;03/2026;NUBANK;;;Conversão de limite em saldo;;Conversão de limite em saldo;-12,75;VERDADEIRO;11;12;FALSO;FALSO
1;13/07/2025;Movimento em cartão de crédito;04/2026;NUBANK;;;Conversão de limite em saldo;;Conversão de limite em saldo;-12,75;VERDADEIRO;12;12;FALSO;FALSO
1;13/07/2025;Movimento em cartão de crédito;09/2025;NUBANK;;;Conversão de limite em saldo;;Conversão de limite em saldo;-2,53;VERDADEIRO;5;12;FALSO;FALSO
1;13/07/2025;Movimento em cartão de crédito;10/2025;NUBANK;;;Conversão de limite em saldo;;Conversão de limite em saldo;-2,53;VERDADEIRO;6;12;FALSO;FALSO
1;13/07/2025;Movimento em cartão de crédito;11/2025;NUBANK;;;Conversão de limite em saldo;;Conversão de limite em saldo;-2,53;VERDADEIRO;7;12;FALSO;FALSO
1;13/07/2025;Movimento em cartão de crédito;12/2025;NUBANK;;;Conversão de limite em saldo;;Conversão de limite em saldo;-2,53;VERDADEIRO;8;12;FALSO;FALSO
1;13/07/2025;Movimento em cartão de crédito;01/2026;NUBANK;;;Conversão de limite em saldo;;Conversão de limite em saldo;-2,53;VERDADEIRO;9;12;FALSO;FALSO
1;13/07/2025;Movimento em cartão de crédito;02/2026;NUBANK;;;Conversão de limite em saldo;;Conversão de limite em saldo;-2,53;VERDADEIRO;10;12;FALSO;FALSO
1;13/07/2025;Movimento em cartão de crédito;03/2026;NUBANK;;;Conversão de limite em saldo;;Conversão de limite em saldo;-2,53;VERDADEIRO;11;12;FALSO;FALSO
1;13/07/2025;Movimento em cartão de crédito;04/2026;NUBANK;;;Conversão de limite em saldo;;Conversão de limite em saldo;-2,53;VERDADEIRO;12;12;FALSO;FALSO
1;13/07/2025;Movimento em cartão de crédito;09/2025;NUBANK;;;Conversão de limite em saldo;;Conversão de limite em saldo;-6,93;VERDADEIRO;7;12;FALSO;FALSO
1;13/07/2025;Movimento em cartão de crédito;10/2025;NUBANK;;;Conversão de limite em saldo;;Conversão de limite em saldo;-6,93;VERDADEIRO;8;12;FALSO;FALSO
1;13/07/2025;Movimento em cartão de crédito;11/2025;NUBANK;;;Conversão de limite em saldo;;Conversão de limite em saldo;-6,93;VERDADEIRO;9;12;FALSO;FALSO
1;13/07/2025;Movimento em cartão de crédito;12/2025;NUBANK;;;Conversão de limite em saldo;;Conversão de limite em saldo;-6,93;VERDADEIRO;10;12;FALSO;FALSO
1;13/07/2025;Movimento em cartão de crédito;01/2026;NUBANK;;;Conversão de limite em saldo;;Conversão de limite em saldo;-6,93;VERDADEIRO;11;12;FALSO;FALSO
1;13/07/2025;Movimento em cartão de crédito;02/2026;NUBANK;;;Conversão de limite em saldo;;Conversão de limite em saldo;-6,93;VERDADEIRO;12;12;FALSO;FALSO
1;13/07/2025;Movimento em cartão de crédito;09/2025;NUBANK;;;Conversão de limite em saldo;;Conversão de limite em saldo;-6,83;VERDADEIRO;4;12;FALSO;FALSO
1;13/07/2025;Movimento em cartão de crédito;10/2025;NUBANK;;;Conversão de limite em saldo;;Conversão de limite em saldo;-6,83;VERDADEIRO;5;12;FALSO;FALSO
1;13/07/2025;Movimento em cartão de crédito;11/2025;NUBANK;;;Conversão de limite em saldo;;Conversão de limite em saldo;-6,83;VERDADEIRO;6;12;FALSO;FALSO
1;13/07/2025;Movimento em cartão de crédito;12/2025;NUBANK;;;Conversão de limite em saldo;;Conversão de limite em saldo;-6,83;VERDADEIRO;7;12;FALSO;FALSO
1;13/07/2025;Movimento em cartão de crédito;01/2026;NUBANK;;;Conversão de limite em saldo;;Conversão de limite em saldo;-6,83;VERDADEIRO;8;12;FALSO;FALSO
1;13/07/2025;Movimento em cartão de crédito;02/2026;NUBANK;;;Conversão de limite em saldo;;Conversão de limite em saldo;-6,83;VERDADEIRO;9;12;FALSO;FALSO
1;13/07/2025;Movimento em cartão de crédito;03/2026;NUBANK;;;Conversão de limite em saldo;;Conversão de limite em saldo;-6,83;VERDADEIRO;10;12;FALSO;FALSO
1;13/07/2025;Movimento em cartão de crédito;04/2026;NUBANK;;;Conversão de limite em saldo;;Conversão de limite em saldo;-6,83;VERDADEIRO;11;12;FALSO;FALSO
1;13/07/2025;Movimento em cartão de crédito;05/2026;NUBANK;;;Conversão de limite em saldo;;Conversão de limite em saldo;-6,83;VERDADEIRO;12;12;FALSO;FALSO
1;13/07/2025;Movimento em cartão de crédito;09/2025;NUBANK;;;Conversão de limite em saldo;;Conversão de limite em saldo;-5,11;VERDADEIRO;5;12;FALSO;FALSO
1;13/07/2025;Movimento em cartão de crédito;10/2025;NUBANK;;;Conversão de limite em saldo;;Conversão de limite em saldo;-5,11;VERDADEIRO;6;12;FALSO;FALSO
1;13/07/2025;Movimento em cartão de crédito;11/2025;NUBANK;;;Conversão de limite em saldo;;Conversão de limite em saldo;-5,11;VERDADEIRO;7;12;FALSO;FALSO
1;13/07/2025;Movimento em cartão de crédito;12/2025;NUBANK;;;Conversão de limite em saldo;;Conversão de limite em saldo;-5,11;VERDADEIRO;8;12;FALSO;FALSO
1;13/07/2025;Movimento em cartão de crédito;01/2026;NUBANK;;;Conversão de limite em saldo;;Conversão de limite em saldo;-5,11;VERDADEIRO;9;12;FALSO;FALSO
1;13/07/2025;Movimento em cartão de crédito;02/2026;NUBANK;;;Conversão de limite em saldo;;Conversão de limite em saldo;-5,11;VERDADEIRO;10;12;FALSO;FALSO
1;13/07/2025;Movimento em cartão de crédito;03/2026;NUBANK;;;Conversão de limite em saldo;;Conversão de limite em saldo;-5,11;VERDADEIRO;11;12;FALSO;FALSO
1;13/07/2025;Movimento em cartão de crédito;04/2026;NUBANK;;;Conversão de limite em saldo;;Conversão de limite em saldo;-5,11;VERDADEIRO;12;12;FALSO;FALSO
1;13/07/2025;Movimento em cartão de crédito;09/2025;NUBANK;;;Conversão de limite em saldo;;Conversão de limite em saldo;-24,51;VERDADEIRO;6;12;FALSO;FALSO
1;13/07/2025;Movimento em cartão de crédito;10/2025;NUBANK;;;Conversão de limite em saldo;;Conversão de limite em saldo;-24,51;VERDADEIRO;7;12;FALSO;FALSO
1;13/07/2025;Movimento em cartão de crédito;11/2025;NUBANK;;;Conversão de limite em saldo;;Conversão de limite em saldo;-24,51;VERDADEIRO;8;12;FALSO;FALSO
1;13/07/2025;Movimento em cartão de crédito;12/2025;NUBANK;;;Conversão de limite em saldo;;Conversão de limite em saldo;-24,51;VERDADEIRO;9;12;FALSO;FALSO
1;13/07/2025;Movimento em cartão de crédito;01/2026;NUBANK;;;Conversão de limite em saldo;;Conversão de limite em saldo;-24,51;VERDADEIRO;10;12;FALSO;FALSO
1;13/07/2025;Movimento em cartão de crédito;02/2026;NUBANK;;;Conversão de limite em saldo;;Conversão de limite em saldo;-24,51;VERDADEIRO;11;12;FALSO;FALSO
1;13/07/2025;Movimento em cartão de crédito;03/2026;NUBANK;;;Conversão de limite em saldo;;Conversão de limite em saldo;-24,51;VERDADEIRO;12;12;FALSO;FALSO
1;13/07/2025;Movimento em cartão de crédito;09/2025;NUBANK;;;Conversão de limite em saldo;;Conversão de limite em saldo;-3,44;VERDADEIRO;7;12;FALSO;FALSO
1;13/07/2025;Movimento em cartão de crédito;10/2025;NUBANK;;;Conversão de limite em saldo;;Conversão de limite em saldo;-3,44;VERDADEIRO;8;12;FALSO;FALSO
1;13/07/2025;Movimento em cartão de crédito;11/2025;NUBANK;;;Conversão de limite em saldo;;Conversão de limite em saldo;-3,44;VERDADEIRO;9;12;FALSO;FALSO
1;13/07/2025;Movimento em cartão de crédito;12/2025;NUBANK;;;Conversão de limite em saldo;;Conversão de limite em saldo;-3,44;VERDADEIRO;10;12;FALSO;FALSO
1;13/07/2025;Movimento em cartão de crédito;01/2026;NUBANK;;;Conversão de limite em saldo;;Conversão de limite em saldo;-3,44;VERDADEIRO;11;12;FALSO;FALSO
1;13/07/2025;Movimento em cartão de crédito;02/2026;NUBANK;;;Conversão de limite em saldo;;Conversão de limite em saldo;-3,44;VERDADEIRO;12;12;FALSO;FALSO
1;13/07/2025;Movimento em cartão de crédito;09/2025;NUBANK;;;Conversão de limite em saldo;;Conversão de limite em saldo;-6,37;VERDADEIRO;5;12;FALSO;FALSO
1;13/07/2025;Movimento em cartão de crédito;10/2025;NUBANK;;;Conversão de limite em saldo;;Conversão de limite em saldo;-6,37;VERDADEIRO;6;12;FALSO;FALSO
1;13/07/2025;Movimento em cartão de crédito;11/2025;NUBANK;;;Conversão de limite em saldo;;Conversão de limite em saldo;-6,37;VERDADEIRO;7;12;FALSO;FALSO
1;13/07/2025;Movimento em cartão de crédito;12/2025;NUBANK;;;Conversão de limite em saldo;;Conversão de limite em saldo;-6,37;VERDADEIRO;8;12;FALSO;FALSO
1;13/07/2025;Movimento em cartão de crédito;01/2026;NUBANK;;;Conversão de limite em saldo;;Conversão de limite em saldo;-6,37;VERDADEIRO;9;12;FALSO;FALSO
1;13/07/2025;Movimento em cartão de crédito;02/2026;NUBANK;;;Conversão de limite em saldo;;Conversão de limite em saldo;-6,37;VERDADEIRO;10;12;FALSO;FALSO
1;13/07/2025;Movimento em cartão de crédito;03/2026;NUBANK;;;Conversão de limite em saldo;;Conversão de limite em saldo;-6,37;VERDADEIRO;11;12;FALSO;FALSO
1;13/07/2025;Movimento em cartão de crédito;04/2026;NUBANK;;;Conversão de limite em saldo;;Conversão de limite em saldo;-6,37;VERDADEIRO;12;12;FALSO;FALSO
1;13/07/2025;Movimento em cartão de crédito;09/2025;NUBANK;;;Conversão de limite em saldo;;Conversão de limite em saldo;-8,19;VERDADEIRO;5;12;FALSO;FALSO
1;13/07/2025;Movimento em cartão de crédito;10/2025;NUBANK;;;Conversão de limite em saldo;;Conversão de limite em saldo;-8,19;VERDADEIRO;6;12;FALSO;FALSO
1;13/07/2025;Movimento em cartão de crédito;11/2025;NUBANK;;;Conversão de limite em saldo;;Conversão de limite em saldo;-8,19;VERDADEIRO;7;12;FALSO;FALSO
1;13/07/2025;Movimento em cartão de crédito;12/2025;NUBANK;;;Conversão de limite em saldo;;Conversão de limite em saldo;-8,19;VERDADEIRO;8;12;FALSO;FALSO
1;13/07/2025;Movimento em cartão de crédito;01/2026;NUBANK;;;Conversão de limite em saldo;;Conversão de limite em saldo;-8,19;VERDADEIRO;9;12;FALSO;FALSO
1;13/07/2025;Movimento em cartão de crédito;02/2026;NUBANK;;;Conversão de limite em saldo;;Conversão de limite em saldo;-8,19;VERDADEIRO;10;12;FALSO;FALSO
1;13/07/2025;Movimento em cartão de crédito;03/2026;NUBANK;;;Conversão de limite em saldo;;Conversão de limite em saldo;-8,19;VERDADEIRO;11;12;FALSO;FALSO
1;13/07/2025;Movimento em cartão de crédito;04/2026;NUBANK;;;Conversão de limite em saldo;;Conversão de limite em saldo;-8,19;VERDADEIRO;12;12;FALSO;FALSO
1;13/07/2025;Movimento em cartão de crédito;09/2025;NUBANK;;;Conversão de limite em saldo;;Conversão de limite em saldo;-8,67;VERDADEIRO;4;12;FALSO;FALSO
1;13/07/2025;Movimento em cartão de crédito;10/2025;NUBANK;;;Conversão de limite em saldo;;Conversão de limite em saldo;-8,67;VERDADEIRO;5;12;FALSO;FALSO
1;13/07/2025;Movimento em cartão de crédito;11/2025;NUBANK;;;Conversão de limite em saldo;;Conversão de limite em saldo;-8,67;VERDADEIRO;6;12;FALSO;FALSO
1;13/07/2025;Movimento em cartão de crédito;12/2025;NUBANK;;;Conversão de limite em saldo;;Conversão de limite em saldo;-8,67;VERDADEIRO;7;12;FALSO;FALSO
1;13/07/2025;Movimento em cartão de crédito;01/2026;NUBANK;;;Conversão de limite em saldo;;Conversão de limite em saldo;-8,67;VERDADEIRO;8;12;FALSO;FALSO
1;13/07/2025;Movimento em cartão de crédito;02/2026;NUBANK;;;Conversão de limite em saldo;;Conversão de limite em saldo;-8,67;VERDADEIRO;9;12;FALSO;FALSO
1;13/07/2025;Movimento em cartão de crédito;03/2026;NUBANK;;;Conversão de limite em saldo;;Conversão de limite em saldo;-8,67;VERDADEIRO;10;12;FALSO;FALSO
1;13/07/2025;Movimento em cartão de crédito;04/2026;NUBANK;;;Conversão de limite em saldo;;Conversão de limite em saldo;-8,67;VERDADEIRO;11;12;FALSO;FALSO
1;13/07/2025;Movimento em cartão de crédito;05/2026;NUBANK;;;Conversão de limite em saldo;;Conversão de limite em saldo;-8,67;VERDADEIRO;12;12;FALSO;FALSO
1;20/07/2025;Movimento em cartão de crédito;09/2025;NUBANK;;;Conversão de limite em saldo;;Conversão de limite em saldo;-9,05;VERDADEIRO;2;12;FALSO;FALSO
1;20/07/2025;Movimento em cartão de crédito;10/2025;NUBANK;;;Conversão de limite em saldo;;Conversão de limite em saldo;-9,05;VERDADEIRO;3;12;FALSO;FALSO
1;20/07/2025;Movimento em cartão de crédito;11/2025;NUBANK;;;Conversão de limite em saldo;;Conversão de limite em saldo;-9,05;VERDADEIRO;4;12;FALSO;FALSO
1;20/07/2025;Movimento em cartão de crédito;12/2025;NUBANK;;;Conversão de limite em saldo;;Conversão de limite em saldo;-9,05;VERDADEIRO;5;12;FALSO;FALSO
1;20/07/2025;Movimento em cartão de crédito;01/2026;NUBANK;;;Conversão de limite em saldo;;Conversão de limite em saldo;-9,05;VERDADEIRO;6;12;FALSO;FALSO
1;20/07/2025;Movimento em cartão de crédito;02/2026;NUBANK;;;Conversão de limite em saldo;;Conversão de limite em saldo;-9,05;VERDADEIRO;7;12;FALSO;FALSO
1;20/07/2025;Movimento em cartão de crédito;03/2026;NUBANK;;;Conversão de limite em saldo;;Conversão de limite em saldo;-9,05;VERDADEIRO;8;12;FALSO;FALSO
1;20/07/2025;Movimento em cartão de crédito;04/2026;NUBANK;;;Conversão de limite em saldo;;Conversão de limite em saldo;-9,05;VERDADEIRO;9;12;FALSO;FALSO
1;20/07/2025;Movimento em cartão de crédito;05/2026;NUBANK;;;Conversão de limite em saldo;;Conversão de limite em saldo;-9,05;VERDADEIRO;10;12;FALSO;FALSO
1;20/07/2025;Movimento em cartão de crédito;06/2026;NUBANK;;;Conversão de limite em saldo;;Conversão de limite em saldo;-9,05;VERDADEIRO;11;12;FALSO;FALSO
1;20/07/2025;Movimento em cartão de crédito;07/2026;NUBANK;;;Conversão de limite em saldo;;Conversão de limite em saldo;-9,05;VERDADEIRO;12;12;FALSO;FALSO
1;03/08/2025;Movimento em cartão de crédito;09/2025;NUBANK;;;Conversão de limite em saldo;;Conversão de limite em saldo;-5,63;VERDADEIRO;2;12;FALSO;FALSO
1;03/08/2025;Movimento em cartão de crédito;10/2025;NUBANK;;;Conversão de limite em saldo;;Conversão de limite em saldo;-5,63;VERDADEIRO;3;12;FALSO;FALSO
1;03/08/2025;Movimento em cartão de crédito;11/2025;NUBANK;;;Conversão de limite em saldo;;Conversão de limite em saldo;-5,63;VERDADEIRO;4;12;FALSO;FALSO
1;03/08/2025;Movimento em cartão de crédito;12/2025;NUBANK;;;Conversão de limite em saldo;;Conversão de limite em saldo;-5,63;VERDADEIRO;5;12;FALSO;FALSO
1;03/08/2025;Movimento em cartão de crédito;01/2026;NUBANK;;;Conversão de limite em saldo;;Conversão de limite em saldo;-5,63;VERDADEIRO;6;12;FALSO;FALSO
1;03/08/2025;Movimento em cartão de crédito;02/2026;NUBANK;;;Conversão de limite em saldo;;Conversão de limite em saldo;-5,63;VERDADEIRO;7;12;FALSO;FALSO
1;03/08/2025;Movimento em cartão de crédito;03/2026;NUBANK;;;Conversão de limite em saldo;;Conversão de limite em saldo;-5,63;VERDADEIRO;8;12;FALSO;FALSO
1;03/08/2025;Movimento em cartão de crédito;04/2026;NUBANK;;;Conversão de limite em saldo;;Conversão de limite em saldo;-5,63;VERDADEIRO;9;12;FALSO;FALSO
1;03/08/2025;Movimento em cartão de crédito;05/2026;NUBANK;;;Conversão de limite em saldo;;Conversão de limite em saldo;-5,63;VERDADEIRO;10;12;FALSO;FALSO
1;03/08/2025;Movimento em cartão de crédito;06/2026;NUBANK;;;Conversão de limite em saldo;;Conversão de limite em saldo;-5,63;VERDADEIRO;11;12;FALSO;FALSO
1;03/08/2025;Movimento em cartão de crédito;07/2026;NUBANK;;;Conversão de limite em saldo;;Conversão de limite em saldo;-5,63;VERDADEIRO;12;12;FALSO;FALSO
1;05/08/2025;Movimento em cartão de crédito;09/2025;NUBANK;;;Outros;;PAY2ALL INSTITUICAO DE PAGAMENTO LTDA;-3,06;VERDADEIRO;2;12;FALSO;FALSO
1;05/08/2025;Movimento em cartão de crédito;10/2025;NUBANK;;;Outros;;PAY2ALL INSTITUICAO DE PAGAMENTO LTDA;-3,06;VERDADEIRO;3;12;FALSO;FALSO
1;05/08/2025;Movimento em cartão de crédito;11/2025;NUBANK;;;Outros;;PAY2ALL INSTITUICAO DE PAGAMENTO LTDA;-3,06;VERDADEIRO;4;12;FALSO;FALSO
1;05/08/2025;Movimento em cartão de crédito;12/2025;NUBANK;;;Outros;;PAY2ALL INSTITUICAO DE PAGAMENTO LTDA;-3,06;VERDADEIRO;5;12;FALSO;FALSO
1;05/08/2025;Movimento em cartão de crédito;01/2026;NUBANK;;;Outros;;PAY2ALL INSTITUICAO DE PAGAMENTO LTDA;-3,06;VERDADEIRO;6;12;FALSO;FALSO
1;05/08/2025;Movimento em cartão de crédito;02/2026;NUBANK;;;Outros;;PAY2ALL INSTITUICAO DE PAGAMENTO LTDA;-3,06;VERDADEIRO;7;12;FALSO;FALSO
1;05/08/2025;Movimento em cartão de crédito;03/2026;NUBANK;;;Outros;;PAY2ALL INSTITUICAO DE PAGAMENTO LTDA;-3,06;VERDADEIRO;8;12;FALSO;FALSO
1;05/08/2025;Movimento em cartão de crédito;04/2026;NUBANK;;;Outros;;PAY2ALL INSTITUICAO DE PAGAMENTO LTDA;-3,06;VERDADEIRO;9;12;FALSO;FALSO
1;05/08/2025;Movimento em cartão de crédito;05/2026;NUBANK;;;Outros;;PAY2ALL INSTITUICAO DE PAGAMENTO LTDA;-3,06;VERDADEIRO;10;12;FALSO;FALSO
1;05/08/2025;Movimento em cartão de crédito;06/2026;NUBANK;;;Outros;;PAY2ALL INSTITUICAO DE PAGAMENTO LTDA;-3,06;VERDADEIRO;11;12;FALSO;FALSO
1;05/08/2025;Movimento em cartão de crédito;07/2026;NUBANK;;;Outros;;PAY2ALL INSTITUICAO DE PAGAMENTO LTDA;-3,06;VERDADEIRO;12;12;FALSO;FALSO
1;25/03/2025;Movimento em cartão de crédito;10/2025;Banco do Brasil;;;Conversão de limite em saldo;;LEANDRO HENRI;-12,1;VERDADEIRO;6;10;FALSO;FALSO
1;25/03/2025;Movimento em cartão de crédito;11/2025;Banco do Brasil;;;Conversão de limite em saldo;;LEANDRO HENRI;-12,1;VERDADEIRO;7;10;FALSO;FALSO
1;25/03/2025;Movimento em cartão de crédito;12/2025;Banco do Brasil;;;Conversão de limite em saldo;;LEANDRO HENRI;-12,1;VERDADEIRO;8;10;FALSO;FALSO
1;25/03/2025;Movimento em cartão de crédito;01/2026;Banco do Brasil;;;Conversão de limite em saldo;;LEANDRO HENRI;-12,1;VERDADEIRO;9;10;FALSO;FALSO
1;25/03/2025;Movimento em cartão de crédito;02/2026;Banco do Brasil;;;Conversão de limite em saldo;;LEANDRO HENRI;-12,1;VERDADEIRO;10;10;FALSO;FALSO
1;28/03/2025;Movimento em cartão de crédito;10/2025;Banco do Brasil;;;Conversão de limite em saldo;;LEANDRO HENRI;-24,21;VERDADEIRO;6;10;FALSO;FALSO
1;28/03/2025;Movimento em cartão de crédito;11/2025;Banco do Brasil;;;Conversão de limite em saldo;;LEANDRO HENRI;-24,21;VERDADEIRO;7;10;FALSO;FALSO
1;28/03/2025;Movimento em cartão de crédito;12/2025;Banco do Brasil;;;Conversão de limite em saldo;;LEANDRO HENRI;-24,21;VERDADEIRO;8;10;FALSO;FALSO
1;28/03/2025;Movimento em cartão de crédito;01/2026;Banco do Brasil;;;Conversão de limite em saldo;;LEANDRO HENRI;-24,21;VERDADEIRO;9;10;FALSO;FALSO
1;28/03/2025;Movimento em cartão de crédito;02/2026;Banco do Brasil;;;Conversão de limite em saldo;;LEANDRO HENRI;-24,21;VERDADEIRO;10;10;FALSO;FALSO
1;30/03/2025;Movimento em cartão de crédito;10/2025;Banco do Brasil;;;Conversão de limite em saldo;;LEANDRO HENRI;-18,15;VERDADEIRO;6;10;FALSO;FALSO
1;30/03/2025;Movimento em cartão de crédito;11/2025;Banco do Brasil;;;Conversão de limite em saldo;;LEANDRO HENRI;-18,15;VERDADEIRO;7;10;FALSO;FALSO
1;30/03/2025;Movimento em cartão de crédito;12/2025;Banco do Brasil;;;Conversão de limite em saldo;;LEANDRO HENRI;-18,15;VERDADEIRO;8;10;FALSO;FALSO
1;30/03/2025;Movimento em cartão de crédito;01/2026;Banco do Brasil;;;Conversão de limite em saldo;;LEANDRO HENRI;-18,15;VERDADEIRO;9;10;FALSO;FALSO
1;30/03/2025;Movimento em cartão de crédito;02/2026;Banco do Brasil;;;Conversão de limite em saldo;;LEANDRO HENRI;-18,15;VERDADEIRO;10;10;FALSO;FALSO
1;02/06/2025;Movimento em cartão de crédito;10/2025;Banco do Brasil;;;Utensílios domésticos;;MP*SUDESTEIMP;-24,52;VERDADEIRO;4;12;FALSO;FALSO
1;02/06/2025;Movimento em cartão de crédito;11/2025;Banco do Brasil;;;Utensílios domésticos;;MP*SUDESTEIMP;-24,52;VERDADEIRO;5;12;FALSO;FALSO
1;02/06/2025;Movimento em cartão de crédito;12/2025;Banco do Brasil;;;Utensílios domésticos;;MP*SUDESTEIMP;-24,52;VERDADEIRO;6;12;FALSO;FALSO
1;02/06/2025;Movimento em cartão de crédito;01/2026;Banco do Brasil;;;Utensílios domésticos;;MP*SUDESTEIMP;-24,52;VERDADEIRO;7;12;FALSO;FALSO
1;02/06/2025;Movimento em cartão de crédito;02/2026;Banco do Brasil;;;Utensílios domésticos;;MP*SUDESTEIMP;-24,52;VERDADEIRO;8;12;FALSO;FALSO
1;02/06/2025;Movimento em cartão de crédito;03/2026;Banco do Brasil;;;Utensílios domésticos;;MP*SUDESTEIMP;-24,52;VERDADEIRO;9;12;FALSO;FALSO
1;02/06/2025;Movimento em cartão de crédito;04/2026;Banco do Brasil;;;Utensílios domésticos;;MP*SUDESTEIMP;-24,52;VERDADEIRO;10;12;FALSO;FALSO
1;02/06/2025;Movimento em cartão de crédito;05/2026;Banco do Brasil;;;Utensílios domésticos;;MP*SUDESTEIMP;-24,52;VERDADEIRO;11;12;FALSO;FALSO
1;02/06/2025;Movimento em cartão de crédito;06/2026;Banco do Brasil;;;Utensílios domésticos;;MP*SUDESTEIMP;-24,52;VERDADEIRO;12;12;FALSO;FALSO
1;02/07/2025;Movimento em cartão de crédito;10/2025;Banco do Brasil;;;Beleza;;MERCADOPAGO*E;-42,93;VERDADEIRO;3;6;FALSO;FALSO
1;02/07/2025;Movimento em cartão de crédito;11/2025;Banco do Brasil;;;Beleza;;MERCADOPAGO*E;-42,93;VERDADEIRO;4;6;FALSO;FALSO
1;02/07/2025;Movimento em cartão de crédito;12/2025;Banco do Brasil;;;Beleza;;MERCADOPAGO*E;-42,93;VERDADEIRO;5;6;FALSO;FALSO
1;02/07/2025;Movimento em cartão de crédito;01/2026;Banco do Brasil;;;Beleza;;MERCADOPAGO*E;-42,93;VERDADEIRO;6;6;FALSO;FALSO
1;03/10/2024;Movimento em cartão de crédito;10/2025;Banco do Brasil;;;Utensílios domésticos;;GASLAR;-188,91;VERDADEIRO;12;12;FALSO;FALSO
1;04/05/2025;Movimento em cartão de crédito;10/2025;Banco do Brasil;;;Beleza;;SEC*EBAZARCOM;-56,2;VERDADEIRO;5;6;FALSO;FALSO
1;04/05/2025;Movimento em cartão de crédito;10/2025;Banco do Brasil;;;Beleza;;SEC*EBAZARCOM;-56,2;VERDADEIRO;6;6;FALSO;FALSO
1;08/01/2025;Movimento em cartão de crédito;10/2025;Banco do Brasil;;;Conversão de limite em saldo;;LEANDRO HENRI;-184,7;VERDADEIRO;9;12;FALSO;FALSO
1;08/01/2025;Movimento em cartão de crédito;11/2025;Banco do Brasil;;;Conversão de limite em saldo;;LEANDRO HENRI;-184,7;VERDADEIRO;10;12;FALSO;FALSO
1;08/01/2025;Movimento em cartão de crédito;12/2025;Banco do Brasil;;;Conversão de limite em saldo;;LEANDRO HENRI;-184,7;VERDADEIRO;11;12;FALSO;FALSO
1;08/01/2025;Movimento em cartão de crédito;01/2026;Banco do Brasil;;;Conversão de limite em saldo;;LEANDRO HENRI;-184,7;VERDADEIRO;12;12;FALSO;FALSO
1;08/05/2025;Movimento em cartão de crédito;10/2025;Banco do Brasil;;;Conversão de limite em saldo;;ZP*ENGE SERV;-89,81;VERDADEIRO;5;12;FALSO;FALSO
1;08/05/2025;Movimento em cartão de crédito;11/2025;Banco do Brasil;;;Conversão de limite em saldo;;ZP*ENGE SERV;-89,81;VERDADEIRO;6;12;FALSO;FALSO
1;08/05/2025;Movimento em cartão de crédito;12/2025;Banco do Brasil;;;Conversão de limite em saldo;;ZP*ENGE SERV;-89,81;VERDADEIRO;7;12;FALSO;FALSO
1;08/05/2025;Movimento em cartão de crédito;01/2026;Banco do Brasil;;;Conversão de limite em saldo;;ZP*ENGE SERV;-89,81;VERDADEIRO;8;12;FALSO;FALSO
1;08/05/2025;Movimento em cartão de crédito;02/2026;Banco do Brasil;;;Conversão de limite em saldo;;ZP*ENGE SERV;-89,81;VERDADEIRO;9;12;FALSO;FALSO
1;08/05/2025;Movimento em cartão de crédito;03/2026;Banco do Brasil;;;Conversão de limite em saldo;;ZP*ENGE SERV;-89,81;VERDADEIRO;10;12;FALSO;FALSO
1;08/05/2025;Movimento em cartão de crédito;04/2026;Banco do Brasil;;;Conversão de limite em saldo;;ZP*ENGE SERV;-89,81;VERDADEIRO;11;12;FALSO;FALSO
1;08/05/2025;Movimento em cartão de crédito;05/2026;Banco do Brasil;;;Conversão de limite em saldo;;ZP*ENGE SERV;-89,81;VERDADEIRO;12;12;FALSO;FALSO
1;11/07/2025;Movimento em cartão de crédito;10/2025;Banco do Brasil;;;Beleza;;DM;-35,14;VERDADEIRO;3;6;FALSO;FALSO
1;11/07/2025;Movimento em cartão de crédito;11/2025;Banco do Brasil;;;Beleza;;DM;-35,14;VERDADEIRO;4;6;FALSO;FALSO
1;11/07/2025;Movimento em cartão de crédito;12/2025;Banco do Brasil;;;Beleza;;DM;-35,14;VERDADEIRO;5;6;FALSO;FALSO
1;11/07/2025;Movimento em cartão de crédito;01/2026;Banco do Brasil;;;Beleza;;DM;-35,14;VERDADEIRO;6;6;FALSO;FALSO
1;12/05/2025;Movimento em cartão de crédito;10/2025;Banco do Brasil;;;Conversão de limite em saldo;;MP*JPTECNOLOG;-291,66;VERDADEIRO;5;12;FALSO;FALSO
1;12/05/2025;Movimento em cartão de crédito;11/2025;Banco do Brasil;;;Conversão de limite em saldo;;MP*JPTECNOLOG;-291,66;VERDADEIRO;6;12;FALSO;FALSO
1;12/05/2025;Movimento em cartão de crédito;12/2025;Banco do Brasil;;;Conversão de limite em saldo;;MP*JPTECNOLOG;-291,66;VERDADEIRO;7;12;FALSO;FALSO
1;12/05/2025;Movimento em cartão de crédito;01/2026;Banco do Brasil;;;Conversão de limite em saldo;;MP*JPTECNOLOG;-291,66;VERDADEIRO;8;12;FALSO;FALSO
1;12/05/2025;Movimento em cartão de crédito;02/2026;Banco do Brasil;;;Conversão de limite em saldo;;MP*JPTECNOLOG;-291,66;VERDADEIRO;9;12;FALSO;FALSO
1;12/05/2025;Movimento em cartão de crédito;03/2026;Banco do Brasil;;;Conversão de limite em saldo;;MP*JPTECNOLOG;-291,66;VERDADEIRO;10;12;FALSO;FALSO
1;12/05/2025;Movimento em cartão de crédito;04/2026;Banco do Brasil;;;Conversão de limite em saldo;;MP*JPTECNOLOG;-291,66;VERDADEIRO;11;12;FALSO;FALSO
1;12/05/2025;Movimento em cartão de crédito;05/2026;Banco do Brasil;;;Conversão de limite em saldo;;MP*JPTECNOLOG;-291,66;VERDADEIRO;12;12;FALSO;FALSO
1;15/01/2025;Movimento em cartão de crédito;10/2025;Banco do Brasil;;;Conversão de limite em saldo;;PINPAG *FABIO;-659,73;VERDADEIRO;9;21;FALSO;FALSO
1;15/01/2025;Movimento em cartão de crédito;11/2025;Banco do Brasil;;;Conversão de limite em saldo;;PINPAG *FABIO;-659,73;VERDADEIRO;10;21;FALSO;FALSO
1;15/01/2025;Movimento em cartão de crédito;12/2025;Banco do Brasil;;;Conversão de limite em saldo;;PINPAG *FABIO;-659,73;VERDADEIRO;11;21;FALSO;FALSO
1;15/01/2025;Movimento em cartão de crédito;01/2026;Banco do Brasil;;;Conversão de limite em saldo;;PINPAG *FABIO;-659,73;VERDADEIRO;12;21;FALSO;FALSO
1;15/01/2025;Movimento em cartão de crédito;02/2026;Banco do Brasil;;;Conversão de limite em saldo;;PINPAG *FABIO;-659,73;VERDADEIRO;13;21;FALSO;FALSO
1;15/01/2025;Movimento em cartão de crédito;03/2026;Banco do Brasil;;;Conversão de limite em saldo;;PINPAG *FABIO;-659,73;VERDADEIRO;14;21;FALSO;FALSO
1;15/01/2025;Movimento em cartão de crédito;04/2026;Banco do Brasil;;;Conversão de limite em saldo;;PINPAG *FABIO;-659,73;VERDADEIRO;15;21;FALSO;FALSO
1;15/01/2025;Movimento em cartão de crédito;05/2026;Banco do Brasil;;;Conversão de limite em saldo;;PINPAG *FABIO;-659,73;VERDADEIRO;16;21;FALSO;FALSO
1;15/01/2025;Movimento em cartão de crédito;06/2026;Banco do Brasil;;;Conversão de limite em saldo;;PINPAG *FABIO;-659,73;VERDADEIRO;17;21;FALSO;FALSO
1;15/01/2025;Movimento em cartão de crédito;07/2026;Banco do Brasil;;;Conversão de limite em saldo;;PINPAG *FABIO;-659,73;VERDADEIRO;18;21;FALSO;FALSO
1;15/01/2025;Movimento em cartão de crédito;08/2026;Banco do Brasil;;;Conversão de limite em saldo;;PINPAG *FABIO;-659,73;VERDADEIRO;19;21;FALSO;FALSO
1;15/01/2025;Movimento em cartão de crédito;09/2026;Banco do Brasil;;;Conversão de limite em saldo;;PINPAG *FABIO;-659,73;VERDADEIRO;20;21;FALSO;FALSO
1;15/01/2025;Movimento em cartão de crédito;10/2026;Banco do Brasil;;;Conversão de limite em saldo;;PINPAG *FABIO;-659,73;VERDADEIRO;21;21;FALSO;FALSO
1;20/03/2025;Movimento em cartão de crédito;10/2025;Banco do Brasil;;;Conversão de limite em saldo;;LEANDRO HENRI;-30,26;VERDADEIRO;7;10;FALSO;FALSO
1;20/03/2025;Movimento em cartão de crédito;11/2025;Banco do Brasil;;;Conversão de limite em saldo;;LEANDRO HENRI;-30,26;VERDADEIRO;8;10;FALSO;FALSO
1;20/03/2025;Movimento em cartão de crédito;12/2025;Banco do Brasil;;;Conversão de limite em saldo;;LEANDRO HENRI;-30,26;VERDADEIRO;9;10;FALSO;FALSO
1;20/03/2025;Movimento em cartão de crédito;01/2026;Banco do Brasil;;;Conversão de limite em saldo;;LEANDRO HENRI;-30,26;VERDADEIRO;10;10;FALSO;FALSO
1;20/07/2025;Movimento em cartão de crédito;10/2025;Banco do Brasil;;;Pets;;ANALIVET CLIN;-108;VERDADEIRO;3;3;FALSO;FALSO
1;21/07/2025;Movimento em cartão de crédito;10/2025;Banco do Brasil;;;Utensílios domésticos;;DM*TEMU;-8,79;VERDADEIRO;3;6;FALSO;FALSO
1;21/07/2025;Movimento em cartão de crédito;11/2025;Banco do Brasil;;;Utensílios domésticos;;DM*TEMU;-8,79;VERDADEIRO;4;6;FALSO;FALSO
1;21/07/2025;Movimento em cartão de crédito;12/2025;Banco do Brasil;;;Utensílios domésticos;;DM*TEMU;-8,79;VERDADEIRO;5;6;FALSO;FALSO
1;21/07/2025;Movimento em cartão de crédito;01/2026;Banco do Brasil;;;Utensílios domésticos;;DM*TEMU;-8,79;VERDADEIRO;6;6;FALSO;FALSO
1;21/07/2025;Movimento em cartão de crédito;10/2025;Banco do Brasil;;;Conversão de limite em saldo;;EC *JPTECNOLO;-179,97;VERDADEIRO;3;10;FALSO;FALSO
1;21/07/2025;Movimento em cartão de crédito;11/2025;Banco do Brasil;;;Conversão de limite em saldo;;EC *JPTECNOLO;-179,97;VERDADEIRO;4;10;FALSO;FALSO
1;21/07/2025;Movimento em cartão de crédito;12/2025;Banco do Brasil;;;Conversão de limite em saldo;;EC *JPTECNOLO;-179,97;VERDADEIRO;5;10;FALSO;FALSO
1;21/07/2025;Movimento em cartão de crédito;01/2026;Banco do Brasil;;;Conversão de limite em saldo;;EC *JPTECNOLO;-179,97;VERDADEIRO;6;10;FALSO;FALSO
1;21/07/2025;Movimento em cartão de crédito;02/2026;Banco do Brasil;;;Conversão de limite em saldo;;EC *JPTECNOLO;-179,97;VERDADEIRO;7;10;FALSO;FALSO
1;21/07/2025;Movimento em cartão de crédito;03/2026;Banco do Brasil;;;Conversão de limite em saldo;;EC *JPTECNOLO;-179,97;VERDADEIRO;8;10;FALSO;FALSO
1;21/07/2025;Movimento em cartão de crédito;04/2026;Banco do Brasil;;;Conversão de limite em saldo;;EC *JPTECNOLO;-179,97;VERDADEIRO;9;10;FALSO;FALSO
1;21/07/2025;Movimento em cartão de crédito;05/2026;Banco do Brasil;;;Conversão de limite em saldo;;EC *JPTECNOLO;-179,97;VERDADEIRO;10;10;FALSO;FALSO
1;28/07/2025;Movimento em cartão de crédito;09/2025;Caixa Econômica Federal;;;Outros;;Passei o cartão para fazer saldo;-529,18;VERDADEIRO;2;12;FALSO;FALSO
1;28/07/2025;Movimento em cartão de crédito;10/2025;Caixa Econômica Federal;;;Outros;;Passei o cartão para fazer saldo;-529,18;VERDADEIRO;3;12;FALSO;FALSO
1;28/07/2025;Movimento em cartão de crédito;11/2025;Caixa Econômica Federal;;;Outros;;Passei o cartão para fazer saldo;-529,18;VERDADEIRO;4;12;FALSO;FALSO
1;28/07/2025;Movimento em cartão de crédito;12/2025;Caixa Econômica Federal;;;Outros;;Passei o cartão para fazer saldo;-529,18;VERDADEIRO;5;12;FALSO;FALSO
1;28/07/2025;Movimento em cartão de crédito;01/2026;Caixa Econômica Federal;;;Outros;;Passei o cartão para fazer saldo;-529,18;VERDADEIRO;6;12;FALSO;FALSO
1;28/07/2025;Movimento em cartão de crédito;02/2026;Caixa Econômica Federal;;;Outros;;Passei o cartão para fazer saldo;-529,18;VERDADEIRO;7;12;FALSO;FALSO
1;28/07/2025;Movimento em cartão de crédito;03/2026;Caixa Econômica Federal;;;Outros;;Passei o cartão para fazer saldo;-529,18;VERDADEIRO;8;12;FALSO;FALSO
1;28/07/2025;Movimento em cartão de crédito;04/2026;Caixa Econômica Federal;;;Outros;;Passei o cartão para fazer saldo;-529,18;VERDADEIRO;9;12;FALSO;FALSO
1;28/07/2025;Movimento em cartão de crédito;05/2026;Caixa Econômica Federal;;;Outros;;Passei o cartão para fazer saldo;-529,18;VERDADEIRO;10;12;FALSO;FALSO
1;28/07/2025;Movimento em cartão de crédito;06/2026;Caixa Econômica Federal;;;Outros;;Passei o cartão para fazer saldo;-529,18;VERDADEIRO;11;12;FALSO;FALSO
1;28/07/2025;Movimento em cartão de crédito;07/2026;Caixa Econômica Federal;;;Outros;;Passei o cartão para fazer saldo;-529,18;VERDADEIRO;12;12;FALSO;FALSO
1;11/09/2025;Movimento em cartão de crédito;09/2025;Caixa Econômica Federal;;;Anuidade cartão crédito;;ANUIDADE DIFERENCIADA TIT;-69;VERDADEIRO;2;12;FALSO;FALSO
1;11/10/2025;Movimento em cartão de crédito;10/2025;Caixa Econômica Federal;;;Anuidade cartão crédito;;ANUIDADE DIFERENCIADA TIT;-69;VERDADEIRO;3;12;FALSO;FALSO
1;11/11/2025;Movimento em cartão de crédito;11/2025;Caixa Econômica Federal;;;Anuidade cartão crédito;;ANUIDADE DIFERENCIADA TIT;-69;VERDADEIRO;4;12;FALSO;FALSO
1;11/12/2025;Movimento em cartão de crédito;12/2025;Caixa Econômica Federal;;;Anuidade cartão crédito;;ANUIDADE DIFERENCIADA TIT;-69;VERDADEIRO;5;12;FALSO;FALSO
1;11/01/2026;Movimento em cartão de crédito;01/2026;Caixa Econômica Federal;;;Anuidade cartão crédito;;ANUIDADE DIFERENCIADA TIT;-69;VERDADEIRO;6;12;FALSO;FALSO
1;11/02/2026;Movimento em cartão de crédito;02/2026;Caixa Econômica Federal;;;Anuidade cartão crédito;;ANUIDADE DIFERENCIADA TIT;-69;VERDADEIRO;7;12;FALSO;FALSO
1;11/03/2026;Movimento em cartão de crédito;03/2026;Caixa Econômica Federal;;;Anuidade cartão crédito;;ANUIDADE DIFERENCIADA TIT;-69;VERDADEIRO;8;12;FALSO;FALSO
1;11/04/2026;Movimento em cartão de crédito;04/2026;Caixa Econômica Federal;;;Anuidade cartão crédito;;ANUIDADE DIFERENCIADA TIT;-69;VERDADEIRO;9;12;FALSO;FALSO
1;11/05/2026;Movimento em cartão de crédito;05/2026;Caixa Econômica Federal;;;Anuidade cartão crédito;;ANUIDADE DIFERENCIADA TIT;-69;VERDADEIRO;10;12;FALSO;FALSO
1;11/06/2026;Movimento em cartão de crédito;06/2026;Caixa Econômica Federal;;;Anuidade cartão crédito;;ANUIDADE DIFERENCIADA TIT;-69;VERDADEIRO;11;12;FALSO;FALSO
1;11/07/2026;Movimento em cartão de crédito;07/2026;Caixa Econômica Federal;;;Anuidade cartão crédito;;ANUIDADE DIFERENCIADA TIT;-69;VERDADEIRO;12;12;FALSO;FALSO
1;09/06/2025;Movimento em cartão de crédito;09/2025;Caixa Econômica Federal;;;Outros;;Passei o cartão para fazer saldo;-281,66;VERDADEIRO;3;10;FALSO;FALSO
1;09/06/2025;Movimento em cartão de crédito;10/2025;Caixa Econômica Federal;;;Outros;;Passei o cartão para fazer saldo;-281,66;VERDADEIRO;4;10;FALSO;FALSO
1;09/06/2025;Movimento em cartão de crédito;11/2025;Caixa Econômica Federal;;;Outros;;Passei o cartão para fazer saldo;-281,66;VERDADEIRO;5;10;FALSO;FALSO
1;09/06/2025;Movimento em cartão de crédito;12/2025;Caixa Econômica Federal;;;Outros;;Passei o cartão para fazer saldo;-281,66;VERDADEIRO;6;10;FALSO;FALSO
1;09/06/2025;Movimento em cartão de crédito;01/2026;Caixa Econômica Federal;;;Outros;;Passei o cartão para fazer saldo;-281,66;VERDADEIRO;7;10;FALSO;FALSO
1;09/06/2025;Movimento em cartão de crédito;02/2026;Caixa Econômica Federal;;;Outros;;Passei o cartão para fazer saldo;-281,66;VERDADEIRO;8;10;FALSO;FALSO
1;09/06/2025;Movimento em cartão de crédito;03/2026;Caixa Econômica Federal;;;Outros;;Passei o cartão para fazer saldo;-281,66;VERDADEIRO;9;10;FALSO;FALSO
1;09/06/2025;Movimento em cartão de crédito;04/2026;Caixa Econômica Federal;;;Outros;;Passei o cartão para fazer saldo;-281,66;VERDADEIRO;10;10;FALSO;FALSO
1;07/09/2025;Movimento em carteira;09/2025;;NUBANK - CC;;Empréstimo pessoal;;Empréstimo pessoal;-102,62;VERDADEIRO;2;7;FALSO;VERDADEIRO
1;07/10/2025;Movimento em carteira;10/2025;;NUBANK - CC;;Empréstimo pessoal;;Empréstimo pessoal;-102,62;VERDADEIRO;3;7;FALSO;VERDADEIRO
1;07/11/2025;Movimento em carteira;11/2025;;NUBANK - CC;;Empréstimo pessoal;;Empréstimo pessoal;-102,62;VERDADEIRO;4;7;FALSO;VERDADEIRO
1;07/12/2025;Movimento em carteira;12/2025;;NUBANK - CC;;Empréstimo pessoal;;Empréstimo pessoal;-102,62;VERDADEIRO;5;7;FALSO;VERDADEIRO
1;07/01/2026;Movimento em carteira;01/2026;;NUBANK - CC;;Empréstimo pessoal;;Empréstimo pessoal;-102,62;VERDADEIRO;6;7;FALSO;VERDADEIRO
1;07/02/2026;Movimento em carteira;02/2026;;NUBANK - CC;;Empréstimo pessoal;;Empréstimo pessoal;-102,62;VERDADEIRO;7;7;FALSO;VERDADEIRO
1;13/09/2025;Movimento em carteira;09/2025;;Banco do Brasil - CC;;Empréstimo pessoal;;CDC;-196,84;VERDADEIRO;2;3;FALSO;FALSO
1;13/10/2025;Movimento em carteira;10/2025;;Banco do Brasil - CC;;Empréstimo pessoal;;CDC;-196,84;VERDADEIRO;3;3;FALSO;FALSO
1;05/09/2025;Movimento em carteira;09/2025;;Banco do Brasil - CC;;Empréstimo pessoal;;Pgto BB Crédito Salário;-924,85;VERDADEIRO;7;33;FALSO;FALSO
1;05/10/2025;Movimento em carteira;10/2025;;Banco do Brasil - CC;;Empréstimo pessoal;;Pgto BB Crédito Salário;-924,85;VERDADEIRO;8;33;FALSO;FALSO
1;05/11/2025;Movimento em carteira;11/2025;;Banco do Brasil - CC;;Empréstimo pessoal;;Pgto BB Crédito Salário;-924,85;VERDADEIRO;9;33;FALSO;FALSO
1;05/12/2025;Movimento em carteira;12/2025;;Banco do Brasil - CC;;Empréstimo pessoal;;Pgto BB Crédito Salário;-924,85;VERDADEIRO;10;33;FALSO;FALSO
1;05/01/2026;Movimento em carteira;01/2026;;Banco do Brasil - CC;;Empréstimo pessoal;;Pgto BB Crédito Salário;-924,85;VERDADEIRO;11;33;FALSO;FALSO
1;05/02/2026;Movimento em carteira;02/2026;;Banco do Brasil - CC;;Empréstimo pessoal;;Pgto BB Crédito Salário;-924,85;VERDADEIRO;12;33;FALSO;FALSO
1;05/03/2026;Movimento em carteira;03/2026;;Banco do Brasil - CC;;Empréstimo pessoal;;Pgto BB Crédito Salário;-924,85;VERDADEIRO;13;33;FALSO;FALSO
1;05/04/2026;Movimento em carteira;04/2026;;Banco do Brasil - CC;;Empréstimo pessoal;;Pgto BB Crédito Salário;-924,85;VERDADEIRO;14;33;FALSO;FALSO
1;05/05/2026;Movimento em carteira;05/2026;;Banco do Brasil - CC;;Empréstimo pessoal;;Pgto BB Crédito Salário;-924,85;VERDADEIRO;15;33;FALSO;FALSO
1;05/06/2026;Movimento em carteira;06/2026;;Banco do Brasil - CC;;Empréstimo pessoal;;Pgto BB Crédito Salário;-924,85;VERDADEIRO;16;33;FALSO;FALSO
1;05/07/2026;Movimento em carteira;07/2026;;Banco do Brasil - CC;;Empréstimo pessoal;;Pgto BB Crédito Salário;-924,85;VERDADEIRO;17;33;FALSO;FALSO
1;05/08/2026;Movimento em carteira;08/2026;;Banco do Brasil - CC;;Empréstimo pessoal;;Pgto BB Crédito Salário;-924,85;VERDADEIRO;18;33;FALSO;FALSO
1;05/09/2026;Movimento em carteira;09/2026;;Banco do Brasil - CC;;Empréstimo pessoal;;Pgto BB Crédito Salário;-924,85;VERDADEIRO;19;33;FALSO;FALSO
1;05/10/2026;Movimento em carteira;10/2026;;Banco do Brasil - CC;;Empréstimo pessoal;;Pgto BB Crédito Salário;-924,85;VERDADEIRO;20;33;FALSO;FALSO
1;05/11/2026;Movimento em carteira;11/2026;;Banco do Brasil - CC;;Empréstimo pessoal;;Pgto BB Crédito Salário;-924,85;VERDADEIRO;21;33;FALSO;FALSO
1;05/12/2026;Movimento em carteira;12/2026;;Banco do Brasil - CC;;Empréstimo pessoal;;Pgto BB Crédito Salário;-924,85;VERDADEIRO;22;33;FALSO;FALSO
1;05/01/2027;Movimento em carteira;01/2027;;Banco do Brasil - CC;;Empréstimo pessoal;;Pgto BB Crédito Salário;-924,85;VERDADEIRO;23;33;FALSO;FALSO
1;05/02/2027;Movimento em carteira;02/2027;;Banco do Brasil - CC;;Empréstimo pessoal;;Pgto BB Crédito Salário;-924,85;VERDADEIRO;24;33;FALSO;FALSO
1;05/03/2027;Movimento em carteira;03/2027;;Banco do Brasil - CC;;Empréstimo pessoal;;Pgto BB Crédito Salário;-924,85;VERDADEIRO;25;33;FALSO;FALSO
1;05/04/2027;Movimento em carteira;04/2027;;Banco do Brasil - CC;;Empréstimo pessoal;;Pgto BB Crédito Salário;-924,85;VERDADEIRO;26;33;FALSO;FALSO
1;05/05/2027;Movimento em carteira;05/2027;;Banco do Brasil - CC;;Empréstimo pessoal;;Pgto BB Crédito Salário;-924,85;VERDADEIRO;27;33;FALSO;FALSO
1;05/06/2027;Movimento em carteira;06/2027;;Banco do Brasil - CC;;Empréstimo pessoal;;Pgto BB Crédito Salário;-924,85;VERDADEIRO;28;33;FALSO;FALSO
1;05/07/2027;Movimento em carteira;07/2027;;Banco do Brasil - CC;;Empréstimo pessoal;;Pgto BB Crédito Salário;-924,85;VERDADEIRO;29;33;FALSO;FALSO
1;05/08/2027;Movimento em carteira;08/2027;;Banco do Brasil - CC;;Empréstimo pessoal;;Pgto BB Crédito Salário;-924,85;VERDADEIRO;30;33;FALSO;FALSO
1;05/09/2027;Movimento em carteira;09/2027;;Banco do Brasil - CC;;Empréstimo pessoal;;Pgto BB Crédito Salário;-924,85;VERDADEIRO;31;33;FALSO;FALSO
1;05/10/2027;Movimento em carteira;10/2027;;Banco do Brasil - CC;;Empréstimo pessoal;;Pgto BB Crédito Salário;-924,85;VERDADEIRO;32;33;FALSO;FALSO
1;05/11/2027;Movimento em carteira;11/2027;;Banco do Brasil - CC;;Empréstimo pessoal;;Pgto BB Crédito Salário;-924,85;VERDADEIRO;33;33;FALSO;FALSO
;;;;;;;;;;;;;;;
;;;;;;;;;;;;;;;
;;;;;;;;;;;;;;;
;;;;;;;;;;;;;;;
;;;;;;;;;;;;;;;
;;;;;;;;;;;;;;;
;;;;;;;;;;;;;;;
;;;;;;;;;;;;;;;
;;;;;;;;;;;;;;;
;;;;;;;;;;;;;;;
;;;;;;;;;;;;;;;
;;;;;;;;;;;;;;;
;;;;;;;;;;;;;;;
;;;;;;;;;;;;;;;
;;;;;;;;;;;;;;;
;;;;;;;;;;;;;;;
;;;;;;;;;;;;;;;
;;;;;;;;;;;;;;;
;;;;;;;;;;;;;;;
;;;;;;;;;;;;;;;
;;;;;;;;;;;;;;;
;;;;;;;;;;;;;;;
;;;;;;;;;;;;;;;
;;;;;;;;;;;;;;;
;;;;;;;;;;;;;;;
;;;;;;;;;;;;;;;
;;;;;;;;;;;;;;;
;;;;;;;;;;;;;;;
;;;;;;;;;;;;;;;
;;;;;;;;;;;;;;;
;;;;;;;;;;;;;;;
;;;;;;;;;;;;;;;
;;;;;;;;;;;;;;;
;;;;;;;;;;;;;;;
;;;;;;;;;;;;;;;
;;;;;;;;;;;;;;;
;;;;;;;;;;;;;;;
;;;;;;;;;;;;;;;
;;;;;;;;;;;;;;;
;;;;;;;;;;;;;;;
;;;;;;;;;;;;;;;
;;;;;;;;;;;;;;;
;;;;;;;;;;;;;;;
;;;;;;;;;;;;;;;
;;;;;;;;;;;;;;;
;;;;;;;;;;;;;;;
;;;;;;;;;;;;;;;
;;;;;;;;;;;;;;;
;;;;;;;;;;;;;;;
;;;;;;;;;;;;;;;
;;;;;;;;;;;;;;;
;;;;;;;;;;;;;;;
;;;;;;;;;;;;;;;
;;;;;;;;;;;;;;;
;;;;;;;;;;;;;;;
;;;;;;;;;;;;;;;
;;;;;;;;;;;;;;;
;;;;;;;;;;;;;;;
;;;;;;;;;;;;;;;
;;;;;;;;;;;;;;;
;;;;;;;;;;;;;;;
;;;;;;;;;;;;;;;
;;;;;;;;;;;;;;;
;;;;;;;;;;;;;;;
;;;;;;;;;;;;;;;
;;;;;;;;;;;;;;;
;;;;;;;;;;;;;;;
;;;;;;;;;;;;;;;
;;;;;;;;;;;;;;;
;;;;;;;;;;;;;;;
;;;;;;;;;;;;;;;
;;;;;;;;;;;;;;;
;;;;;;;;;;;;;;;
;;;;;;;;;;;;;;;
;;;;;;;;;;;;;;;
;;;;;;;;;;;;;;;
;;;;;;;;;;;;;;;
;;;;;;;;;;;;;;;
;;;;;;;;;;;;;;;
;;;;;;;;;;;;;;;
;;;;;;;;;;;;;;;
;;;;;;;;;;;;;;;
;;;;;;;;;;;;;;;
;;;;;;;;;;;;;;;
;;;;;;;;;;;;;;;
;;;;;;;;;;;;;;;
;;;;;;;;;;;;;;;
;;;;;;;;;;;;;;;
;;;;;;;;;;;;;;;
;;;;;;;;;;;;;;;
;;;;;;;;;;;;;;;
;;;;;;;;;;;;;;;
;;;;;;;;;;;;;;;
;;;;;;;;;;;;;;;
;;;;;;;;;;;;;;;
;;;;;;;;;;;;;;;
;;;;;;;;;;;;;;;
;;;;;;;;;;;;;;;
;;;;;;;;;;;;;;;
;;;;;;;;;;;;;;;
;;;;;;;;;;;;;;;
;;;;;;;;;;;;;;;
;;;;;;;;;;;;;;;
;;;;;;;;;;;;;;;
;;;;;;;;;;;;;;;
;;;;;;;;;;;;;;;
;;;;;;;;;;;;;;;
;;;;;;;;;;;;;;;
;;;;;;;;;;;;;;;
;;;;;;;;;;;;;;;
;;;;;;;;;;;;;;;
;;;;;;;;;;;;;;;
;;;;;;;;;;;;;;;
;;;;;;;;;;;;;;;
;;;;;;;;;;;;;;;
;;;;;;;;;;;;;;;
;;;;;;;;;;;;;;;
;;;;;;;;;;;;;;;
;;;;;;;;;;;;;;;
;;;;;;;;;;;;;;;
;;;;;;;;;;;;;;;
;;;;;;;;;;;;;;;
;;;;;;;;;;;;;;;
;;;;;;;;;;;;;;;
;;;;;;;;;;;;;;;
;;;;;;;;;;;;;;;
;;;;;;;;;;;;;;;
;;;;;;;;;;;;;;;
;;;;;;;;;;;;;;;
;;;;;;;;;;;;;;;
;;;;;;;;;;;;;;;
;;;;;;;;;;;;;;;
;;;;;;;;;;;;;;;
